arm,dir_deg,speed,n,n_dn_mean,n_dn_sd,n_dn_med,n_dn_ci_lo,n_dn_ci_hi,n_base_mean,n_base_sd,n_base_med,n_base_ci_lo,n_base_ci_hi,li_mean,li_sd,li_med,li_ci_lo,li_ci_hi,d_away_mean,d_away_sd,d_away_med,d_away_ci_lo,d_away_ci_hi,disp_mean,disp_sd,disp_med,disp_ci_lo,disp_ci_hi,ta_mean,ta_sd,ta_med,ta_ci_lo,ta_ci_hi,v_peak_mean,v_peak_sd,v_peak_med,v_peak_ci_lo,v_peak_ci_hi,esc_peak_mean,esc_peak_sd,esc_peak_med,esc_peak_ci_lo,esc_peak_ci_hi
A,0,fast,100,96.63,42.25154553386184,107.5,88.23949999999999,104.6715,0.10666666666666666,0.36172426576668093,0.0,0.04,0.18666666666666665,,,,,,0.1453281618730159,0.11832175508915409,0.12823518912148218,0.12150782946535109,0.1696902824974063,0.2311852755661952,0.09238485399498525,0.24429872064061836,0.2136346350285224,0.2490395640067621,0.93,0.2551470164434615,1.0,0.87,0.97,1.0780439802975237,0.12728727531125986,1.0635729208169398,1.0547383646751223,1.1004162889949904,1.856107829125947,0.7545654916492334,2.169659584760666,1.7049915932680004,2.0008049842632927
A,0,medium,100,95.15,69.4269940297,89.5,81.09,108.64075,0.10666666666666666,0.36172426576668093,0.0,0.04,0.18666666666666665,,,,,,0.19767501116034636,0.13293866906212087,0.21929459379605026,0.1714956327028154,0.2230764496902485,0.29681348707707256,0.06604219819187199,0.2856096800548268,0.284640915754107,0.30903785920929444,0.93,0.2551470164434615,1.0,0.88,0.97,0.9903954543931338,0.11770398131167488,0.9944980561439143,0.9684063268351423,1.0131673593387136,1.0342273837772482,0.5180911278032095,1.1999900490045547,0.9322202129653598,1.1390074029653476
A,0,slow,100,51.96,45.57738913101539,48.0,43.2355,61.1505,0.10666666666666666,0.36172426576668093,0.0,0.04,0.18666666666666665,,,,,,0.133972274594084,0.11709293618622522,0.13849305969810613,0.1108145007668055,0.1564811181574813,0.25196529304419063,0.07817965107341307,0.24310466156314653,0.23777914903011943,0.2685716466610757,0.88,0.32496153618543844,1.0,0.81,0.94,0.8231471769427737,0.20937363474317178,0.9137730966892864,0.7813352876491494,0.864381486975965,0.5970346894331305,0.3927630291292178,0.6470723748207092,0.5193696130456938,0.6715128258004296
A,45,fast,100,67.37,23.101798631275447,71.0,62.879250000000006,71.71374999999999,0.10666666666666666,0.36172426576668093,0.0,0.04,0.18666666666666665,0.29204032049676,0.629915087938176,0.6328626444159178,0.16850829214463903,0.4094194882687546,0.11566789087327128,0.1433912051384435,0.10814749027563289,0.08745628932000198,0.14396289915107063,0.25207130165960195,0.07877237831242734,0.2510561536538364,0.23779134948911598,0.26746446065986457,0.71,0.4537620521815371,1.0,0.62,0.8,1.1377944220270626,0.14820197065674023,1.2104171837080702,1.1105686644286532,1.1654019415242063,1.2972802999566329,0.4403977209929185,1.3339094296097755,1.2128765883194284,1.3819372283306952
A,45,medium,100,43.9,28.45786358811919,43.5,38.519000000000005,49.152499999999996,0.10666666666666666,0.36172426576668093,0.0,0.04,0.18666666666666665,0.35636654488575126,0.6811147313180406,0.7692307692307693,0.21627685671055816,0.492352106530481,0.11636541036884548,0.14869992105056606,0.11363450775433047,0.08851846944350468,0.14520413913439767,0.2744116703431157,0.07168045870631762,0.2669369026322713,0.26064842592357085,0.28868187375588594,0.69,0.46249324319388707,1.0,0.6,0.78,0.9068960713623545,0.14644343967706172,0.9169310024034716,0.8786654133862778,0.9369008243891871,0.6614509980674734,0.38020745347101875,0.6155277146026492,0.5921660661984232,0.7319131054273706
A,45,slow,100,26.88,24.613118453377663,26.0,22.509500000000003,31.5115,0.10666666666666666,0.36172426576668093,0.0,0.04,0.18666666666666665,0.42825920002685547,0.689340903720091,0.8333333333333334,0.2583161782929566,0.56817781861867,0.07255224995533767,0.13437620413862786,0.04138151147640768,0.04775720205282114,0.09973212407391316,0.2580609193914892,0.06784363050892238,0.2513165219373734,0.24532352273566405,0.27165225315532665,0.59,0.49183330509431744,1.0,0.49,0.6802499999999998,0.7859522952009447,0.2367064482450058,0.885861482429551,0.7378322767244448,0.8317992221765619,0.37053251933846454,0.2926771039247418,0.3285213001072407,0.3163778140009825,0.42283101491838715
A,90,fast,100,63.19,25.234379326625014,62.5,58.3495,67.94125,0.10666666666666666,0.36172426576668093,0.0,0.04,0.18666666666666665,0.280833983481714,0.622575409842557,0.4849397590361446,0.1488005208155109,0.39580667490797855,0.1182362151885912,0.14963408966329111,0.13753107961413935,0.08921220921136795,0.1464970357090273,0.239599418370651,0.08316591950505056,0.24849062391035984,0.22313216121739343,0.2563044582153301,0.81,0.3923009049186606,1.0,0.73975,0.88,1.080848716027538,0.15118006294561792,1.1134247132539539,1.0512332822405577,1.1090392328050935,1.1238525323055364,0.4500643926239322,1.125911831855774,1.0329503881863784,1.2129162173920922
A,90,medium,100,33.27,26.588664878101717,23.0,28.059749999999998,38.8605,0.10666666666666666,0.36172426576668093,0.0,0.04,0.18666666666666665,0.34922899680376973,0.7333739510352965,0.7295454545454545,0.2006313532627645,0.49436896869079494,0.09859048896366947,0.16095167286455622,0.1033836868186562,0.06905662644350408,0.1309487956490559,0.26425126616039274,0.0750851075837556,0.25084036311928115,0.24925168132257547,0.2795729501115993,0.69,0.46249324319388707,1.0,0.6,0.78,0.8088782747080583,0.2543150095208688,0.9278723999581885,0.756150408744856,0.8576811148239082,0.587627676570967,0.4226634177782532,0.38426902890205383,0.5037694288673983,0.6699130586376012
A,90,slow,100,15.84,23.387483832169718,5.0,11.51925,20.6105,0.10666666666666666,0.36172426576668093,0.0,0.04,0.18666666666666665,0.3668679417491385,0.752050353363855,0.7807807807807807,0.19771745052793735,0.5384588062441151,0.043870865475033674,0.144144068480188,0.041890537048906114,0.016675406334885647,0.07328682055577677,0.25308614210979224,0.07446738115503868,0.2637348816221117,0.239152616954634,0.26754780714659143,0.54,0.49839743177508444,1.0,0.45,0.64,0.7626748922785844,0.26151441202109416,0.8838055482016344,0.7123095994631156,0.8134404392325316,0.3092466751354822,0.33069636586301093,0.1535995677113533,0.24266327978918872,0.3752543780937939
A,135,fast,100,71.98,29.14686260989336,80.0,66.27,77.73025,0.10666666666666666,0.36172426576668093,0.0,0.04,0.18666666666666665,0.2068580130134011,0.5969446947967089,0.28695652173913044,0.0864260950733442,0.32943437258345537,0.10657738326914652,0.16008582758791864,0.10636685956517467,0.07661386750127952,0.1383910250485248,0.2528137559053445,0.08865872757250516,0.27561992783968764,0.2337626011707276,0.26925436005193704,0.69,0.46249324319388707,1.0,0.59,0.78,1.0705635716478799,0.17129240526705697,1.0670097953800304,1.0399026310505672,1.1033068986848615,1.3293336833897047,0.48558510023669543,1.3974892497062683,1.2371450253285583,1.4240278715070454
A,135,medium,100,29.59,32.32184864762534,17.0,23.598000000000003,35.8205,0.10666666666666666,0.36172426576668093,0.0,0.04,0.18666666666666665,0.29365311781827297,0.6965596304712897,0.4935897435897436,0.15496311012561792,0.4329150145252084,0.10365856936290133,0.15354353431767587,0.15995195465556147,0.07274334597445657,0.13347023341776876,0.26449720390088965,0.06979187960223159,0.254051642012306,0.2507598993357269,0.2781945729627706,0.72,0.44899888641287294,1.0,0.63,0.8002499999999998,0.8442265572559592,0.258536809799279,0.963139693573515,0.7912140026077205,0.8951961943582252,0.6373363061554435,0.4940230848907222,0.4561685174703598,0.5416339490988905,0.735464020790164
A,135,slow,100,13.7,27.53633962602873,3.0,8.6395,19.1115,0.10666666666666666,0.36172426576668093,0.0,0.04,0.18666666666666665,0.3576573256894234,0.7280142279092058,0.6129032258064516,0.15790190300278512,0.5469103658327115,0.0665843505831045,0.1513588476944326,0.09235508888694147,0.03630582926125079,0.0955694800072054,0.2529798870063876,0.077983641787536,0.26821435371477303,0.23771059694611585,0.26786863840512604,0.66,0.4737087712930805,1.0,0.56,0.76,0.7731384094129532,0.2652474388613841,0.8847495854421454,0.7211438776352006,0.8251264106637535,0.2952758199600349,0.3687055403023976,0.12305523827672005,0.22323445615309484,0.3681242397756153
A,180,fast,100,67.87,29.828058937852457,71.0,62.28925,74.12025,0.10666666666666666,0.36172426576668093,0.0,0.04,0.18666666666666665,,,,,,0.07814210324345994,0.12020569052480708,0.06706301821986639,0.0547165992705028,0.10138628012761919,0.2224485096394671,0.09267333897487125,0.2178792449719739,0.20479688640065405,0.24129801270132537,0.67,0.47021271782034996,1.0,0.58,0.76,0.9589336201113197,0.23041123817138384,1.0182195942181147,0.9153087383560055,1.004037277999247,1.3051137096394085,0.5301135764622905,1.366295300424099,1.2064572097294877,1.4113875441598647
A,180,medium,100,28.73,39.5883455072323,12.0,21.984499999999997,37.40624999999999,0.10666666666666666,0.36172426576668093,0.0,0.04,0.18666666666666665,,,,,,0.09625159282775048,0.13059408720466434,0.12656526821814953,0.06998182543241104,0.12200068825241688,0.2438887765569854,0.08801060783577558,0.25308931269023255,0.22684650183521815,0.2608931936745495,0.72,0.44899888641287294,1.0,0.63,0.81,0.9510431688345773,0.16082031812125322,1.0007260459357374,0.9199253620832681,0.9811703583360443,0.9405006387089634,0.577601734961471,0.8396519906818867,0.8225574495182628,1.0570550873451865
A,180,slow,100,11.41,24.408234266329057,1.0,7.28875,17.012,0.10666666666666666,0.36172426576668093,0.0,0.04,0.18666666666666665,,,,,,0.0846367396381316,0.15753739389857677,0.10578859820009356,0.053140798009485915,0.11690202415729052,0.25474760335014013,0.0845679908981067,0.2706331661883704,0.23785601436577475,0.27049465379184917,0.61,0.4877499359302879,1.0,0.51,0.71,0.7758781452953667,0.26688155145430864,0.9045970712800431,0.7211466016482121,0.8300778418076026,0.2590006117887875,0.35111813961759974,0.0833333358168602,0.1944669333586447,0.3266968442140689
A,225,fast,100,75.83,27.534725348185333,75.0,70.57975,81.402,0.10666666666666666,0.36172426576668093,0.0,0.04,0.18666666666666665,-0.10916015969167522,0.577314136025824,-0.24758574758574758,-0.2247531562991281,0.008580849954673158,0.0797608804589248,0.16835975290816532,0.05193382114734385,0.04818639103623687,0.11429178583358256,0.22761939628635466,0.09346612403222007,0.20676658042140528,0.20953930114264402,0.2472935042815762,0.64,0.48000000000000004,1.0,0.54,0.73,1.0479441990139051,0.1628709390100198,1.0447503666106912,1.0144915962837548,1.0837500457140017,1.4133799393725712,0.43723737460222295,1.432203508913517,1.3306143465391114,1.4973101319984117
A,225,medium,100,28.02,36.595076171528866,13.0,21.37775,35.57075,0.10666666666666666,0.36172426576668093,0.0,0.04,0.18666666666666665,-0.10497726661073391,0.7090101639675215,-0.12121212121212122,-0.2579779770141969,0.031556755706859875,0.12346825777240623,0.14393817611000437,0.15316406305053,0.09439986649759546,0.15146880678914806,0.2659644173562236,0.07332600179130853,0.2594735387989453,0.251453224987778,0.2805186917272326,0.78,0.41424630354415964,1.0,0.7,0.86,0.8367591793991497,0.2594639872822944,0.9485221905283479,0.7837768857593873,0.8911327333429697,0.6803442813594143,0.5075652028772561,0.43871462531387806,0.584977088761415,0.7831896286215484
A,225,slow,100,11.48,25.335934954131847,2.0,7.06,16.492499999999996,0.10666666666666666,0.36172426576668093,0.0,0.04,0.18666666666666665,-0.2256614965585423,0.7934197389603835,-0.49831649831649827,-0.4565627359239273,0.029209039941858552,0.09069514971675559,0.1438959676103027,0.09101644103929545,0.06021611633250674,0.11873016795812363,0.2571242892530641,0.08233382289965573,0.27149003871562916,0.24112225301622972,0.2730053594753176,0.69,0.46249324319388707,1.0,0.59,0.78,0.7758091908610811,0.26747622885288846,0.8947536021911342,0.7213252710839716,0.8299239096459665,0.25370692981963394,0.337013985188416,0.08996511995792389,0.1890538302515232,0.3173453667506296
A,270,fast,100,65.44,27.545714730244338,64.5,60.7395,70.79225000000001,0.10666666666666666,0.36172426576668093,0.0,0.04,0.18666666666666665,0.05381244079908475,0.6288415776901103,0.12224989622249896,-0.07052450195452455,0.1762559212320454,0.11572291273925582,0.14738801114340033,0.10565623851509456,0.08766895183849856,0.1459059020322201,0.2232338733570445,0.09795325526310404,0.2291761852262389,0.20429983455823783,0.24125710414585314,0.77,0.4208325082500163,1.0,0.69,0.85,1.0654499229062944,0.13922197061174785,1.0486281343107335,1.0372348486409526,1.0912750430878493,1.1108978554606437,0.4368487725642387,1.0779046416282654,1.0310436857043535,1.1978379808836617
A,270,medium,100,28.78,31.32876633383447,18.0,23.40825,35.85275,0.10666666666666666,0.36172426576668093,0.0,0.04,0.18666666666666665,0.13444998365954972,0.7348977780131336,0.3333333333333333,-0.023183832185615656,0.28016712131671795,0.1244432017967423,0.16221049375956964,0.09781018759986199,0.09344095151788373,0.15614230652231997,0.2650337080984419,0.08674016510740257,0.2506337121710607,0.24885475149481803,0.2813851196922747,0.73,0.4439594576084623,1.0,0.64,0.81,0.8252251972445316,0.26413361395391444,0.9594846590481956,0.7727043012066949,0.8778268401459933,0.5702829156009012,0.4536885647542231,0.37346361577510834,0.4851750529688316,0.6692302507314696
A,270,slow,100,12.59,28.52931650075059,2.0,7.729,18.89075,0.10666666666666666,0.36172426576668093,0.0,0.04,0.18666666666666665,0.14638792495804503,0.8517725789678734,0.34782608695652173,-0.0968717646786016,0.38929952436059595,0.07940950249141286,0.14417798454071695,0.07254743942020864,0.051789527464250355,0.10643868798050214,0.2563873206184878,0.08112010363259968,0.26468318397650803,0.24163059826274857,0.27164834942069044,0.69,0.46249324319388707,1.0,0.6,0.78,0.7733419135705798,0.26672224981664644,0.9118303117062676,0.7200360880685641,0.8283516778411042,0.26536485020180256,0.34507720715446516,0.12490681558847427,0.206396205753795,0.34275884508604215
A,315,fast,100,62.54,25.270306685911034,60.0,57.759,67.241,0.10666666666666666,0.36172426576668093,0.0,0.04,0.18666666666666665,0.2785022154118189,0.6231228975559285,0.623109243697479,0.15448687685230994,0.40173651436391156,0.10824553910101307,0.14170203841769743,0.08921786719033459,0.08048186960869831,0.1352794447642558,0.2517824908268618,0.08304097411324796,0.2428690212138767,0.23531632470132635,0.2681420434619884,0.72,0.4489988864128729,1.0,0.63,0.81,1.1246803004110923,0.145208278500175,1.1846628446029288,1.096219755861486,1.1513827613201937,1.1635258176847127,0.4127319021526896,1.197918362915516,1.0851645716103957,1.2416363892382942
A,315,medium,100,35.34,25.798147220294716,33.0,30.738999999999997,41.20075,0.10666666666666666,0.36172426576668093,0.0,0.04,0.18666666666666665,0.31625844129432873,0.7105718907932604,0.6896551724137931,0.15876243442993934,0.45516178226388243,0.11237651380242154,0.1593040772171933,0.11068600915536567,0.08269837120004894,0.1419341266033308,0.2712376400096963,0.07583461515645563,0.2597392221570401,0.25628156442717975,0.28567641432199803,0.67,0.4702127178203499,1.0,0.57,0.76,0.8988815360752156,0.16108156160609674,0.9397088127519799,0.865574856349594,0.9319471985150237,0.5808674708768107,0.3054730093001189,0.5577448736876249,0.5228535877752367,0.6451397106067035
A,315,slow,100,18.71,21.07809052072792,17.0,15.039,23.46075,0.10666666666666666,0.36172426576668093,0.0,0.04,0.18666666666666665,0.39469607805472096,0.7224639539293233,0.7636867636867637,0.22534876356546948,0.5622402275540863,0.07739515564144642,0.1603941763629759,0.06230417656599368,0.04413316522268142,0.10921198815948055,0.2612349196286739,0.07194911757292886,0.24514735729036768,0.24732732183688214,0.27597574945545955,0.57,0.49507575177946245,1.0,0.47,0.67,0.7854927576168258,0.2558252868646898,0.9320051472047547,0.7361253774331148,0.8361935343361138,0.30478223183140307,0.25703750866429065,0.25532764894887805,0.2567684531422709,0.3587724771496721
B,0,fast,100,4.81,3.4862443976290587,5.0,4.15,5.47,0.10666666666666666,0.36172426576668093,0.0,0.04,0.18666666666666665,,,,,,-0.028191615344942977,0.20543255824807538,-0.08242562647395135,-0.0687995011470623,0.01253607425916916,0.2621485147464868,0.08284291042562081,0.255685589965694,0.24678536244344199,0.2785159041215565,0.4,0.48989794855663565,0.0,0.3,0.5,0.7966689092143315,0.2821124653459819,1.0333060802132925,0.7392474038905791,0.8531993249972034,0.1303323640486633,0.07350273877796898,0.14684667065739632,0.11653640194898071,0.1440784524191749
B,0,medium,100,5.01,4.16051679482249,6.0,4.17,5.840999999999999,0.10666666666666666,0.36172426576668093,0.0,0.04,0.18666666666666665,,,,,,-0.026887095156011023,0.20507964779960444,-0.07418270910023043,-0.0676583513588567,0.013697200422167342,0.2615439589759314,0.0832126193179182,0.25493889598457675,0.24603900829411393,0.2777194881891955,0.4,0.48989794855663565,0.0,0.3,0.5,0.7975229433740875,0.28338398447272833,1.038703922676349,0.7398425814828895,0.8541347223111964,0.12521887911316298,0.08745509103405452,0.15031683072447777,0.10744383885584648,0.14228384392172666
B,0,slow,100,4.16,4.029193467680598,4.0,3.3695,4.95,0.10666666666666666,0.36172426576668093,0.0,0.04,0.18666666666666665,,,,,,-0.028483306966630026,0.20549213291929383,-0.07857248386784882,-0.06896663686842529,0.012458156950030054,0.26269807928740113,0.08340877935440998,0.25545715535344893,0.2471190936792228,0.27906118442614886,0.4,0.48989794855663565,0.0,0.3,0.5,0.7982206067747998,0.2840747796382808,1.043184333956083,0.7407146773401153,0.8546756425563876,0.10356133424858854,0.083516030287049,0.11415244283853099,0.08684378342581293,0.12003279251383901
B,45,fast,100,2.72,2.2938177782901583,2.0,2.29,3.16,0.10666666666666666,0.36172426576668093,0.0,0.04,0.18666666666666665,-0.257712215320911,0.2966731074071826,-0.3333333333333333,-0.3486620082815735,-0.1770031055900622,-0.03989018084732244,0.19075804830767396,-0.07265007985655117,-0.07676745858463938,-0.001726909062907825,0.26603912084699277,0.0795490692546915,0.2715846483893165,0.25100501422456917,0.2812422298797511,0.35,0.4769696007084728,0.0,0.26,0.44,0.7942772776761596,0.27989525213466826,1.0164906103000622,0.738267458489135,0.850192486423288,0.10375496350953654,0.05962676377212688,0.10291094332933426,0.09228784243704036,0.11579238335296622
B,45,medium,100,2.27,2.4611176322963515,1.0,1.8,2.75,0.10666666666666666,0.36172426576668093,0.0,0.04,0.18666666666666665,-0.23846872082166198,0.33524817019517794,-0.2,-0.3547724089635855,-0.12823879551820727,-0.03920838281231116,0.1915597773912722,-0.07267368258381783,-0.07643031304490945,-0.0011683326145555514,0.26658675643945356,0.08043137984712057,0.27101714385446307,0.2513521729941303,0.2815188045381709,0.34,0.4737087712930805,0.0,0.25,0.44,0.7934848713313484,0.2790717892886305,1.0056065370242249,0.7377882493561436,0.8495509095449534,0.08492511969438056,0.06478196149664388,0.08055555820465088,0.07337086344097042,0.09695521918126178
B,45,slow,100,1.48,2.397832354440151,0.0,1.05,1.95,0.10666666666666666,0.36172426576668093,0.0,0.04,0.18666666666666665,-0.18956349206349205,0.2836594178657133,-0.2,-0.3155843253968253,-0.07646130952380953,-0.03986443320443012,0.1913675267389103,-0.07393467056108656,-0.0761839089710247,-0.0012471270505157099,0.2676324858180631,0.0798764078693898,0.2730595447936092,0.252670800544697,0.28256941155601467,0.35,0.4769696007084728,0.0,0.26,0.44,0.7921373651052959,0.2784235581705231,0.9928543876394557,0.7362051068542763,0.847768751433401,0.06347605787894675,0.07038786635330357,0.06353787332773209,0.0502670869979047,0.07618852154266692
B,90,fast,100,1.51,1.8357287381309908,1.0,1.14,1.91,0.10666666666666666,0.36172426576668093,0.0,0.04,0.18666666666666665,-0.13968253968253969,0.34318557377670594,-0.14285714285714285,-0.2730272108843538,0.008441043083900182,-0.02166266290705914,0.18014839077998732,-0.03550563622273955,-0.05607775195966596,0.013998195699193207,0.2677686890708444,0.07920100552115408,0.27349708615502066,0.2532305887598454,0.28287142243038144,0.42,0.49355850717012273,0.0,0.33,0.5102499999999998,0.7950699632973233,0.2803121786317565,1.0147166175055014,0.7382825430981805,0.8509310335504412,0.06673374241586885,0.06389690947925948,0.07155625522136688,0.05421751270928459,0.07951150796578264
B,90,medium,100,1.41,2.271981514009302,0.0,0.94975,1.8504999999999996,0.10666666666666666,0.36172426576668093,0.0,0.04,0.18666666666666665,-0.17595238095238092,0.34617598384547593,-0.2,-0.32192857142857145,-0.02778571428571435,-0.02108822654929967,0.17976121965913636,-0.03712254637283184,-0.055471509464506644,0.014203657236959094,0.26771759634554987,0.08002677571488809,0.2738417442261053,0.2526839693299005,0.28294552535407635,0.41,0.49183330509431744,0.0,0.31975000000000003,0.5,0.7943593830913599,0.27974287353482663,1.0156994595343096,0.737489877099417,0.8500097957983881,0.060032717743693315,0.07007139357691473,0.06141994521021843,0.045831674822754895,0.07410666671876574
B,90,slow,100,1.01,2.2605087922854894,0.0,0.57975,1.49,0.10666666666666666,0.36172426576668093,0.0,0.04,0.18666666666666665,-0.17380952380952383,0.27645303570424123,-0.14285714285714285,-0.33312229437229435,-0.01943722943722953,-0.020252072091015535,0.17984324371384056,-0.03104158226459543,-0.05460559559577869,0.015202963405979096,0.2683553639047509,0.0807695181058203,0.27347193327239894,0.2534128634125587,0.2837016449922662,0.41,0.49183330509431744,0.0,0.31975000000000003,0.5,0.7967817941750674,0.2817511568285434,1.0312207933983388,0.7396918415011315,0.8535662992454298,0.043621361884633544,0.06367483236065227,0.0,0.0314624606132961,0.056679533515920325
B,135,fast,100,1.66,2.205538483001374,1.0,1.25,2.1205,0.10666666666666666,0.36172426576668093,0.0,0.04,0.18666666666666665,-0.11866666666666666,0.36907660715644575,0.0,-0.25909047619047615,0.03467619047619048,0.011226815383157196,0.19769944527603725,0.06290922232607196,-0.029729368832228913,0.05120875185930585,0.26756111088208134,0.07966897291540634,0.2727401396454959,0.2524359599901855,0.28246419348950413,0.58,0.49355850717012273,1.0,0.47,0.68,0.7934210092207333,0.2790709309665921,1.0144472527987745,0.7366591345085353,0.8482719424613979,0.0719641340168164,0.07040759888697391,0.07142500951886177,0.05807059020752786,0.08591565780015843
B,135,medium,100,1.33,2.429217981161839,0.0,0.88,1.81,0.10666666666666666,0.36172426576668093,0.0,0.04,0.18666666666666665,-0.11521164021164022,0.2731913183149792,-0.17142857142857143,-0.23426917989417992,0.00451388888888887,0.012770791054985655,0.19811442809001906,0.062331949312915164,-0.02763631363287774,0.05238065760688647,0.2679029364632006,0.08084874589133675,0.27402431189972265,0.25275954062657613,0.2829707433991708,0.58,0.49355850717012273,1.0,0.48,0.68,0.7944298036214309,0.279827846918022,1.0269295688645048,0.737391773717173,0.8497108984553847,0.06399304943371989,0.07679886208720899,0.06141994521021843,0.0494619793055117,0.07915375556209481
B,135,slow,100,0.94,2.239732126840172,0.0,0.5497500000000001,1.4,0.10666666666666666,0.36172426576668093,0.0,0.04,0.18666666666666665,-0.10520282186948851,0.31416123323355444,-0.14285714285714285,-0.2949779541446208,0.09895502645502645,0.011913337782177394,0.19843170193768525,0.06309973237745464,-0.029144748873035937,0.051568852909840486,0.26854909360928103,0.07999575497197671,0.2736523534124977,0.2537237829694411,0.2832724322232539,0.57,0.4950757517794625,1.0,0.47,0.67,0.7989830806280132,0.2834949540733468,1.0443305606295916,0.7418773616593123,0.855373224354011,0.048766818697389205,0.06356850777887317,0.0,0.037304850409871915,0.06153489490457219
B,180,fast,100,1.88,1.866976164818394,1.0,1.53,2.27,0.10666666666666666,0.36172426576668093,0.0,0.04,0.18666666666666665,,,,,,0.03780513671204438,0.20729822761994052,0.08604540169812996,-0.002999734221150024,0.07896961241574507,0.2667257965175086,0.08052749194702379,0.271116035906967,0.2512312293896014,0.28201857879801634,0.55,0.49749371855331,1.0,0.45,0.65,0.7931652840759423,0.2788611977412166,1.0203880191637837,0.7360420677788626,0.8493456700275162,0.08677499918139801,0.06003557182231424,0.07787036895751953,0.07488789063502918,0.09925073405820876
B,180,medium,100,1.29,2.4466098994322736,0.0,0.83,1.83,0.10666666666666666,0.36172426576668093,0.0,0.04,0.18666666666666665,,,,,,0.039075651011810625,0.20755698543604623,0.08340196695377591,-0.0014559460296485684,0.0804397675242261,0.2674988876828117,0.08064147892720398,0.2745136908271791,0.25204599490756496,0.2828400250259978,0.56,0.4963869458396343,1.0,0.46,0.66,0.7944273119619063,0.27990257433508586,1.0095905021502292,0.7376441859790862,0.8497947785262896,0.06379880034972468,0.07290084781689637,0.06142806468415074,0.050398714069565816,0.07773579216587302
B,180,slow,100,0.65,1.6454482671904334,0.0,0.35,1.02,0.10666666666666666,0.36172426576668093,0.0,0.04,0.18666666666666665,,,,,,0.038127065982195146,0.20887140160386264,0.08865157988522074,-0.0028864433156365076,0.07964295468023234,0.269021301844983,0.08019500220099994,0.27454648223684697,0.25391710447588284,0.28399454197186247,0.55,0.49749371855331,1.0,0.45,0.65,0.799000257276696,0.2834990425280884,1.0428263291103361,0.7421013855104084,0.855654888614939,0.03872706799481841,0.05739912544093953,0.0,0.027979911581878025,0.051486635931406205
B,225,fast,100,1.52,1.8519179247472064,1.0,1.21,1.89,0.10666666666666666,0.36172426576668093,0.0,0.04,0.18666666666666665,0.23624338624338626,0.28723203090699884,0.26666666666666666,0.11428571428571427,0.3785912698412698,0.04308531555857102,0.19104366445078472,0.07393467056108655,0.004784387238658294,0.08038823353299539,0.26778198461711517,0.07962676029211337,0.27346328200178793,0.25306052536333934,0.2830801563833108,0.62,0.48538644398046393,1.0,0.52,0.72,0.7952585309649994,0.2805141419216304,1.0237486958824218,0.7389667143048325,0.8510869052288852,0.07058387176301835,0.06416922752031047,0.07277422770857811,0.05937756447938485,0.08325085472381294
B,225,medium,100,1.15,2.104162541250081,0.0,0.77975,1.57025,0.10666666666666666,0.36172426576668093,0.0,0.04,0.18666666666666665,0.24894179894179894,0.3104021815182897,0.25,0.08994576719576719,0.39829761904761896,0.0442028289289041,0.19106195705008308,0.07393467056108655,0.006041851361553952,0.08136659941152051,0.26826695527711064,0.08134036972286414,0.2736848161848751,0.25307188868088004,0.28360127189435175,0.63,0.48280430818293246,1.0,0.53,0.72,0.7950616818031346,0.2803914346018133,1.0185719532276998,0.738998606283161,0.8503871102790782,0.0657674444647273,0.07245563229564164,0.06353787332773209,0.051737017962237584,0.07954141118246479
B,225,slow,100,0.71,1.9146540157427918,0.0,0.38,1.10025,0.10666666666666666,0.36172426576668093,0.0,0.04,0.18666666666666665,0.15511363636363637,0.2857626946704017,0.17045454545454547,-0.0375,0.3376562499999999,0.0435091361651966,0.19200675901098332,0.07393467056108655,0.005396269030504499,0.08100333103965852,0.2693511222494992,0.08080182943961531,0.2743936242226932,0.2544483229021457,0.2847306854433125,0.63,0.48280430818293246,1.0,0.53,0.72,0.7992078030162431,0.28369635085780437,1.0446559074802408,0.7421534711172579,0.8558583509343388,0.037641596695390314,0.0582756047848857,0.0,0.02654406663872415,0.04844486531546624
B,270,fast,100,1.43,2.084490345384214,1.0,1.08,1.87025,0.10666666666666666,0.36172426576668093,0.0,0.04,0.18666666666666665,0.14203643578643577,0.23888822272962346,0.14285714285714285,0.031208739177489186,0.25451321248196246,0.023780077655704494,0.17992929545881162,0.03779490373109866,-0.011545599522737895,0.057899803412554664,0.2679703523614929,0.07965146623202736,0.2733528985425363,0.2533035483894576,0.2832955247069737,0.56,0.4963869458396343,1.0,0.46,0.65,0.7965866795028873,0.2815264948566173,1.0331027557040942,0.7402046908474215,0.852303923426745,0.06635040916116332,0.06064247347419704,0.07231563329696655,0.05510117822359435,0.07802279971015574
B,270,medium,100,1.17,2.4002291557265947,0.0,0.73975,1.69,0.10666666666666666,0.36172426576668093,0.0,0.04,0.18666666666666665,0.33174603174603173,0.3701583387784149,0.18333333333333335,0.1552579365079365,0.5089360119047619,0.023773882576273452,0.18030839033508114,0.037959743720650904,-0.011429217591310633,0.05806599762341046,0.2681017175700972,0.0811781016795038,0.2741782651394079,0.2527177270730312,0.2837700627558256,0.55,0.4974937185533099,1.0,0.45,0.64,0.7964500186256097,0.2814227677388304,1.023345421812203,0.7403982790111293,0.8521726051552476,0.05556855569917673,0.06857036749302932,0.002185900171753019,0.0427882310875831,0.06983157534155646
B,270,slow,100,0.85,2.308137777516758,0.0,0.44975000000000004,1.36,0.10666666666666666,0.36172426576668093,0.0,0.04,0.18666666666666665,0.09707792207792207,0.28658533839239025,0.12878787878787878,-0.05824134199134199,0.2607142857142857,0.023992797331537016,0.18010321636865645,0.035715256008672217,-0.011845733182119515,0.058275430904360145,0.2690704750132548,0.07992604508075449,0.2738417442261053,0.25419947591685993,0.2843679062692741,0.55,0.4974937185533099,1.0,0.45,0.64,0.7978106544434802,0.2826520073255902,1.0408092543004246,0.7414722832662133,0.8542183604482028,0.03903069900697858,0.061305920270875044,0.0,0.02780382629965061,0.052854378076428433
B,315,fast,100,2.61,2.087558382417124,2.0,2.22,3.0302499999999997,0.10666666666666666,0.36172426576668093,0.0,0.04,0.18666666666666665,0.12608465608465608,0.31100984566516393,0.0,0.03772486772486773,0.22122089947089948,-0.0065438709690508355,0.1970920213801753,-0.05835655427123393,-0.0468958786212275,0.03395956577024077,0.2659082839075635,0.08182614127216849,0.26656882175466834,0.2504428720926249,0.2818506678942458,0.39,0.4877499359302879,0.0,0.29,0.49,0.7970947738025731,0.28203873055504786,1.0324837153839594,0.7404295926541977,0.853969506445672,0.10435766131260962,0.06532050952030927,0.097415323369205,0.09174058879221496,0.11675388327692737
B,315,medium,100,1.94,2.374110359692658,1.0,1.47975,2.45025,0.10666666666666666,0.36172426576668093,0.0,0.04,0.18666666666666665,0.2317460317460317,0.33039775637350455,0.3333333333333333,0.11114638447971782,0.3622707231040564,-0.007217463629700685,0.19808139517482376,-0.061135961370278734,-0.04713926878815606,0.033763777620955004,0.26728244260342715,0.08181773768224321,0.2713400048665617,0.25192202615673376,0.28304646464942107,0.4,0.48989794855663565,0.0,0.3,0.5,0.7972981895671826,0.2821757443704199,1.0354718890781243,0.7410065435570189,0.8532900804791581,0.07278964661001282,0.060093692133054176,0.0727655366063118,0.06130431008091432,0.08488801589559261
B,315,slow,100,1.08,1.8093092604637828,0.0,0.74,1.48,0.10666666666666666,0.36172426576668093,0.0,0.04,0.18666666666666665,0.23264550264550266,0.38853897081761735,0.3333333333333333,0.04045502645502645,0.4349470899470899,-0.007521080942742208,0.19902924152816281,-0.06376273780273392,-0.04748429223123176,0.03336430803894628,0.2683605433259902,0.08214875710170952,0.2718560411137294,0.2532283233302784,0.28390925988281446,0.39,0.4877499359302879,0.0,0.29,0.49,0.7964823302490174,0.2820353326619262,1.0320674857042418,0.7396187203955072,0.8520611781098848,0.049815724940562855,0.05555800484102667,0.06463335454463959,0.03919100201638607,0.0614304902465289
C,0,fast,100,95.42,45.268130069619616,113.5,86.81474999999999,104.03025,0.10666666666666666,0.36172426576668093,0.0,0.04,0.18666666666666665,,,,,,-0.036868629938035295,0.2116837375983931,-0.08647850806415665,-0.07875473724536328,0.004716248726416193,0.27124752378769623,0.08098103561164825,0.2746824880460365,0.25625524332579225,0.2865043092502316,0.4,0.48989794855663565,0.0,0.3,0.5,0.7995130034342317,0.2839382065749082,1.0459681604560918,0.7423357439650438,0.8560314907906605,1.7169568702451647,0.7182748745663642,1.9752139151096344,1.5791913387002414,1.856914647256024
C,0,medium,100,96.64,66.67286104555586,133.5,83.5625,110.32149999999999,0.10666666666666666,0.36172426576668093,0.0,0.04,0.18666666666666665,,,,,,-0.036868629938035295,0.2116837375983931,-0.08647850806415665,-0.07875473724536328,0.004716248726416193,0.27124752378769623,0.08098103561164825,0.2746824880460365,0.25625524332579225,0.2865043092502316,0.4,0.48989794855663565,0.0,0.3,0.5,0.7995130034342317,0.2839382065749082,1.0459681604560918,0.7423357439650438,0.8560314907906605,1.555805429974692,0.9382294918038552,2.0057892203330994,1.362496221636565,1.73659742910324
C,0,slow,100,91.21,74.93934814234775,129.5,76.46775,105.8915,0.10666666666666666,0.36172426576668093,0.0,0.04,0.18666666666666665,,,,,,-0.036868629938035295,0.2116837375983931,-0.08647850806415665,-0.07875473724536328,0.004716248726416193,0.27124752378769623,0.08098103561164825,0.2746824880460365,0.25625524332579225,0.2865043092502316,0.4,0.48989794855663565,0.0,0.3,0.5,0.7995130034342317,0.2839382065749082,1.0459681604560918,0.7423357439650438,0.8560314907906605,1.2659858631506358,0.9122206606715476,1.642044559121132,1.0769426203951862,1.43787535677527
C,45,fast,100,72.45,31.482812771415453,70.5,66.93724999999999,78.17075,0.10666666666666666,0.36172426576668093,0.0,0.04,0.18666666666666665,0.2965943828780637,0.6346408620348432,0.6771130104463439,0.17565210385978214,0.4206127963817463,-0.04213188080952847,0.19396508270582924,-0.07393467056108656,-0.07962156934026172,-0.0032759461994571124,0.27124752378769623,0.08098103561164825,0.2746824880460365,0.25625524332579225,0.2865043092502316,0.35,0.4769696007084728,0.0,0.26,0.44,0.7995130034342317,0.2839382065749082,1.0459681604560918,0.7423357439650438,0.8560314907906605,1.4731124295131304,0.5187139619123886,1.5591886788606644,1.369302987992356,1.5709438377819023
C,45,medium,100,69.08,43.93032665482924,71.0,60.86925,77.59,0.10666666666666666,0.36172426576668093,0.0,0.04,0.18666666666666665,0.3559476592826388,0.6415349358600608,0.7319587628865979,0.22389673145597108,0.48257113852404065,-0.04213188080952847,0.19396508270582924,-0.07393467056108656,-0.07962156934026172,-0.0032759461994571124,0.27124752378769623,0.08098103561164825,0.2746824880460365,0.25625524332579225,0.2865043092502316,0.35,0.4769696007084728,0.0,0.26,0.44,0.7995130034342317,0.2839382065749082,1.0459681604560918,0.7423357439650438,0.8560314907906605,1.138053860324174,0.6452370610318109,1.1131609603762627,1.0142700742038973,1.2569325387527843
C,45,slow,100,53.53,44.94873858074329,50.5,45.129000000000005,61.701,0.10666666666666666,0.36172426576668093,0.0,0.04,0.18666666666666665,0.38770895708430153,0.6830936465488001,0.7391304347826086,0.22867374519600153,0.5437315523597378,-0.04213188080952847,0.19396508270582924,-0.07393467056108656,-0.07962156934026172,-0.0032759461994571124,0.27124752378769623,0.08098103561164825,0.2746824880460365,0.25625524332579225,0.2865043092502316,0.35,0.4769696007084728,0.0,0.26,0.44,0.7995130034342317,0.2839382065749082,1.0459681604560918,0.7423357439650438,0.8560314907906605,0.783450611873211,0.6778782502797942,0.6372148010414094,0.6576528343894232,0.909739851144363
C,90,fast,100,51.65,27.847217096148047,39.5,46.198750000000004,57.65025,0.10666666666666666,0.36172426576668093,0.0,0.04,0.18666666666666665,0.35146343139475283,0.6110028372555634,0.6400404448938322,0.2295121563101251,0.46551474068418364,-0.022714847311086604,0.18288762222794847,-0.03707527895651413,-0.057570645545483065,0.01319969317190969,0.27124752378769623,0.08098103561164825,0.2746824880460365,0.25625524332579225,0.2865043092502316,0.41,0.49183330509431744,0.0,0.31975000000000003,0.5,0.7995130034342317,0.2839382065749082,1.0459681604560918,0.7423357439650438,0.8560314907906605,1.0810717402095906,0.5476586711696706,0.8266218267381191,0.9739031466191519,1.1942442349687334
C,90,medium,100,43.44,41.8263840177465,24.5,35.249,51.613249999999994,0.10666666666666666,0.36172426576668093,0.0,0.04,0.18666666666666665,0.3751491626253439,0.7314330772930868,0.723404255319149,0.22623937009795173,0.510695915026801,-0.022714847311086604,0.18288762222794847,-0.03707527895651413,-0.057570645545483065,0.01319969317190969,0.27124752378769623,0.08098103561164825,0.2746824880460365,0.25625524332579225,0.2865043092502316,0.41,0.49183330509431744,0.0,0.31975000000000003,0.5,0.7995130034342317,0.2839382065749082,1.0459681604560918,0.7423357439650438,0.8560314907906605,0.8127709728916542,0.6945355058777608,0.49506166874084556,0.6673560080439126,0.9484230578656203
C,90,slow,100,27.82,43.76194237005483,6.0,19.58975,36.700250000000004,0.10666666666666666,0.36172426576668093,0.0,0.04,0.18666666666666665,0.3581493465154656,0.7631336614832991,0.7363861386138614,0.17862278643329943,0.5246326155545386,-0.022714847311086604,0.18288762222794847,-0.03707527895651413,-0.057570645545483065,0.01319969317190969,0.27124752378769623,0.08098103561164825,0.2746824880460365,0.25625524332579225,0.2865043092502316,0.41,0.49183330509431744,0.0,0.31975000000000003,0.5,0.7995130034342317,0.2839382065749082,1.0459681604560918,0.7423357439650438,0.8560314907906605,0.5591853298293139,0.7150778860697344,0.1661972627043724,0.41439667318648366,0.7014866537380078
C,135,fast,100,58.52,30.529159831217108,54.0,52.446250000000006,64.81,0.10666666666666666,0.36172426576668093,0.0,0.04,0.18666666666666665,0.10646849855315817,0.5268061263162267,0.13559322033898305,0.003247751724782423,0.21047192672593767,0.010008235674955769,0.2015823251645316,0.06522127930095649,-0.031644038232295245,0.05039430045234112,0.27124752378769623,0.08098103561164825,0.2746824880460365,0.25625524332579225,0.2865043092502316,0.57,0.4950757517794625,1.0,0.47,0.67,0.7995130034342317,0.2839382065749082,1.0459681604560918,0.7423357439650438,0.8560314907906605,1.1578677933919244,0.5561062204925818,0.9759902805089951,1.0496734777801904,1.271727549414325
C,135,medium,100,37.0,42.75768936694311,16.5,28.88975,45.23025,0.10666666666666666,0.36172426576668093,0.0,0.04,0.18666666666666665,0.31666441058503325,0.6582569031105332,0.5,0.17327056877369598,0.44259439402151207,0.010008235674955769,0.2015823251645316,0.06522127930095649,-0.031644038232295245,0.05039430045234112,0.27124752378769623,0.08098103561164825,0.2746824880460365,0.25625524332579225,0.2865043092502316,0.57,0.4950757517794625,1.0,0.47,0.67,0.7995130034342317,0.2839382065749082,1.0459681604560918,0.7423357439650438,0.8560314907906605,0.803638343065523,0.731368710567706,0.5103662306280423,0.6647225923571455,0.9475925082461985
C,135,slow,100,22.49,43.27782226498926,3.0,14.278749999999999,31.192,0.10666666666666666,0.36172426576668093,0.0,0.04,0.18666666666666665,0.31225071453279163,0.7404052259292571,0.5300876569533286,0.10908165037379776,0.501530319010412,0.010008235674955769,0.2015823251645316,0.06522127930095649,-0.031644038232295245,0.05039430045234112,0.27124752378769623,0.08098103561164825,0.2746824880460365,0.25625524332579225,0.2865043092502316,0.57,0.4950757517794625,1.0,0.47,0.67,0.7995130034342317,0.2839382065749082,1.0459681604560918,0.7423357439650438,0.8560314907906605,0.4975846098281948,0.7025057162757183,0.12903591990470886,0.3579758429514056,0.6336983447123339
C,180,fast,100,65.3,28.552933299400255,65.0,60.137750000000004,71.05175,0.10666666666666666,0.36172426576668093,0.0,0.04,0.18666666666666665,,,,,,0.03686862993803529,0.21168373759839307,0.08647850806415655,-0.004716248726416218,0.07875473724536325,0.27124752378769623,0.08098103561164825,0.2746824880460365,0.25625524332579225,0.2865043092502316,0.55,0.49749371855331,1.0,0.45,0.65,0.7995130034342317,0.2839382065749082,1.0459681604560918,0.7423357439650438,0.8560314907906605,1.399082016214961,0.5477454530553318,1.4509327858686447,1.2960111312539084,1.5065946540710429
C,180,medium,100,34.04,42.25468494735229,12.5,26.256500000000003,42.682249999999996,0.10666666666666666,0.36172426576668093,0.0,0.04,0.18666666666666665,,,,,,0.03686862993803529,0.21168373759839307,0.08647850806415655,-0.004716248726416218,0.07875473724536325,0.27124752378769623,0.08098103561164825,0.2746824880460365,0.25625524332579225,0.2865043092502316,0.55,0.49749371855331,1.0,0.45,0.65,0.7995130034342317,0.2839382065749082,1.0459681604560918,0.7423357439650438,0.8560314907906605,1.0444269567328064,0.6977843718625647,0.9803179483860731,0.9183868077979653,1.181660684607601
C,180,slow,100,19.97,41.47733236359349,1.5,12.33925,29.14325,0.10666666666666666,0.36172426576668093,0.0,0.04,0.18666666666666665,,,,,,0.03686862993803529,0.21168373759839307,0.08647850806415655,-0.004716248726416218,0.07875473724536325,0.27124752378769623,0.08098103561164825,0.2746824880460365,0.25625524332579225,0.2865043092502316,0.55,0.49749371855331,1.0,0.45,0.65,0.7995130034342317,0.2839382065749082,1.0459681604560918,0.7423357439650438,0.8560314907906605,0.47100302875193295,0.7112444725636158,0.08566847128274413,0.3412989740348496,0.6112617849237022
C,225,fast,100,62.91,27.145568699144984,58.0,58.14975,68.37025,0.10666666666666666,0.36172426576668093,0.0,0.04,0.18666666666666665,-0.14865691440770976,0.5337708368996861,-0.27932351336606653,-0.2548315583916096,-0.04364834988330737,0.04213188080952846,0.19396508270582924,0.07393467056108655,0.0032759461994571176,0.07962156934026172,0.27124752378769623,0.08098103561164825,0.2746824880460365,0.25625524332579225,0.2865043092502316,0.63,0.48280430818293246,1.0,0.53,0.72,0.7995130034342317,0.2839382065749082,1.0459681604560918,0.7423357439650438,0.8560314907906605,1.217909759823233,0.5068986442920014,1.1148017048835754,1.126834171068389,1.3171138887209817
C,225,medium,100,32.72,41.42778777583954,14.5,25.18,40.933249999999994,0.10666666666666666,0.36172426576668093,0.0,0.04,0.18666666666666665,-0.1408442860515711,0.6941095780263848,-0.2,-0.28281657374953206,0.00010713244189140939,0.04213188080952846,0.19396508270582924,0.07393467056108655,0.0032759461994571176,0.07962156934026172,0.27124752378769623,0.08098103561164825,0.2746824880460365,0.25625524332579225,0.2865043092502316,0.63,0.48280430818293246,1.0,0.53,0.72,0.7995130034342317,0.2839382065749082,1.0459681604560918,0.7423357439650438,0.8560314907906605,0.8663921963250426,0.7650968726169135,0.5308839980597261,0.7284191617821811,1.0233537555990817
C,225,slow,100,18.78,41.066185603242964,2.0,11.5695,27.011,0.10666666666666666,0.36172426576668093,0.0,0.04,0.18666666666666665,-0.1777218160820203,0.7955341281224656,-0.375,-0.39648063191117194,0.0886390181612092,0.04213188080952846,0.19396508270582924,0.07393467056108655,0.0032759461994571176,0.07962156934026172,0.27124752378769623,0.08098103561164825,0.2746824880460365,0.25625524332579225,0.2865043092502316,0.63,0.48280430818293246,1.0,0.53,0.72,0.7995130034342317,0.2839382065749082,1.0459681604560918,0.7423357439650438,0.8560314907906605,0.44958286172280437,0.6936842560240725,0.09339400008320808,0.323247065404209,0.5826037936310225
C,270,fast,100,51.07,28.223484901762223,37.5,46.0185,56.81275,0.10666666666666666,0.36172426576668093,0.0,0.04,0.18666666666666665,0.11705860617248509,0.6247143970719462,0.3333333333333333,-0.004594583197722404,0.2361846883329807,0.022714847311086604,0.18288762222794844,0.037075278956514135,-0.013199693171909681,0.057570645545483086,0.27124752378769623,0.08098103561164825,0.2746824880460365,0.25625524332579225,0.2865043092502316,0.55,0.4974937185533099,1.0,0.45,0.64,0.7995130034342317,0.2839382065749082,1.0459681604560918,0.7423357439650438,0.8560314907906605,1.005949832039387,0.5086683000783303,0.7761714272201061,0.9174975489602148,1.1047089194626323
C,270,medium,100,34.38,39.301343488486495,17.0,27.36775,42.80175,0.10666666666666666,0.36172426576668093,0.0,0.04,0.18666666666666665,0.15881700762150494,0.7270979617131306,0.358974358974359,-0.0029714537587660454,0.3049148426610699,0.022714847311086604,0.18288762222794844,0.037075278956514135,-0.013199693171909681,0.057570645545483086,0.27124752378769623,0.08098103561164825,0.2746824880460365,0.25625524332579225,0.2865043092502316,0.55,0.4974937185533099,1.0,0.45,0.64,0.7995130034342317,0.2839382065749082,1.0459681604560918,0.7423357439650438,0.8560314907906605,0.7719464346008422,0.7012219742862215,0.441252626478672,0.6439700162062618,0.917088089784867
C,270,slow,100,19.88,40.588490979586815,3.0,12.93,28.552,0.10666666666666666,0.36172426576668093,0.0,0.04,0.18666666666666665,0.1554071964166921,0.8317994571732207,0.41666666666666663,-0.064273960078836,0.35458968968935695,0.022714847311086604,0.18288762222794844,0.037075278956514135,-0.013199693171909681,0.057570645545483086,0.27124752378769623,0.08098103561164825,0.2746824880460365,0.25625524332579225,0.2865043092502316,0.55,0.4974937185533099,1.0,0.45,0.64,0.7995130034342317,0.2839382065749082,1.0459681604560918,0.7423357439650438,0.8560314907906605,0.4615663826478172,0.685854800475071,0.12494569271802902,0.34651437206946645,0.6106556050412016
C,315,fast,100,63.15,27.843625841474026,62.0,57.86,68.86175,0.10666666666666666,0.36172426576668093,0.0,0.04,0.18666666666666665,0.28086671318041945,0.6122806303498807,0.6398124467178176,0.1566406294349651,0.40485155939228606,-0.010008235674955767,0.2015823251645316,-0.06522127930095654,-0.05039430045234112,0.031644038232295245,0.27124752378769623,0.08098103561164825,0.2746824880460365,0.25625524332579225,0.2865043092502316,0.39,0.4877499359302879,0.0,0.29,0.49,0.7995130034342317,0.2839382065749082,1.0459681604560918,0.7423357439650438,0.8560314907906605,1.3009855935908854,0.4780632496169544,1.3736959546804428,1.2094741230159998,1.3953831474208271
C,315,medium,100,53.73,40.45759632009791,48.0,45.97875,62.38675,0.10666666666666666,0.36172426576668093,0.0,0.04,0.18666666666666665,0.3086555312918668,0.6759828741518663,0.6666666666666666,0.15944831832734577,0.42772030954127915,-0.010008235674955767,0.2015823251645316,-0.06522127930095654,-0.05039430045234112,0.031644038232295245,0.27124752378769623,0.08098103561164825,0.2746824880460365,0.25625524332579225,0.2865043092502316,0.39,0.4877499359302879,0.0,0.29,0.49,0.7995130034342317,0.2839382065749082,1.0459681604560918,0.7423357439650438,0.8560314907906605,0.9308182206803659,0.5457286789029462,0.8809440415352583,0.8275922246992958,1.0460491094176274
C,315,slow,100,36.34,38.83097217428376,27.5,28.94875,44.073,0.10666666666666666,0.36172426576668093,0.0,0.04,0.18666666666666665,0.4008671598293521,0.7092723379272993,0.7083333333333334,0.24583306846098446,0.5628551674899939,-0.010008235674955767,0.2015823251645316,-0.06522127930095654,-0.05039430045234112,0.031644038232295245,0.27124752378769623,0.08098103561164825,0.2746824880460365,0.25625524332579225,0.2865043092502316,0.39,0.4877499359302879,0.0,0.29,0.49,0.7995130034342317,0.2839382065749082,1.0459681604560918,0.7423357439650438,0.8560314907906605,0.5937279788774532,0.5758121518953118,0.44453613460063934,0.48753210306727973,0.7091022697604085
D,0,fast,100,21.28,12.787556451488298,24.5,18.76975,23.73025,0.06666666666666667,0.2905932629027116,0.0,0.013333333333333332,0.13333333333333333,,,,,,0.001740417119556603,0.18237306731062397,-0.032755686061877246,-0.034630666676545914,0.03699376680228159,0.236409733043581,0.08785375999403294,0.20647732478986747,0.22126896320642805,0.25449574416751347,0.43,0.4950757517794625,0.0,0.33,0.53,0.7965477971486348,0.2719652447263723,0.9950000804158138,0.7417205691195242,0.8507032355236632,0.5842799617727724,0.3020859421066769,0.7171206474304199,0.5246755403678489,0.6411339037072521
D,0,medium,100,23.83,19.133245934759735,30.0,19.88,27.591749999999998,0.06666666666666667,0.2905932629027116,0.0,0.013333333333333332,0.13333333333333333,,,,,,0.01600463850746038,0.1763794427090595,-0.0163357697691716,-0.019577258597195443,0.050718312522217326,0.23007552915835472,0.09763617460778339,0.19633750812481426,0.21200735105376833,0.2508214665157162,0.43,0.4950757517794625,0.0,0.33,0.53,0.7952886644496968,0.2802096254445507,1.0244750627032395,0.7381034326540459,0.8506713434492601,0.4969675089704833,0.3605089303825206,0.6435294598340988,0.4228344578040469,0.567141148076491
D,0,slow,100,18.65,17.621790487915806,19.0,15.208250000000001,22.37,0.06666666666666667,0.2905932629027116,0.0,0.013333333333333332,0.13333333333333333,,,,,,0.00801506845704071,0.18005559681762062,-0.031843122464169614,-0.02845521590704398,0.0434705957289206,0.23484360612936542,0.09564266525209442,0.2054505451956019,0.2177814343762917,0.2549647962865539,0.43,0.4950757517794625,0.0,0.33,0.53,0.7939032330572643,0.2852793073913309,1.0379248543665045,0.7364461383739642,0.8506313634502891,0.3428660416819184,0.2756063860375015,0.44162318855524063,0.28865357605927056,0.39687385222464394
D,45,fast,100,17.01,9.604681150355798,16.0,15.10975,18.82025,0.06666666666666667,0.2905932629027116,0.0,0.013333333333333332,0.13333333333333333,0.035114769676844244,0.19665277878003481,0.05263157894736842,-0.00786380536787116,0.07434325985707188,-0.018292079017189003,0.1750475183213755,-0.05594680971918693,-0.050708108149416696,0.01638956827186359,0.24144239014815344,0.08006673325523792,0.23927403812248743,0.22655356907234908,0.2577489189280423,0.37,0.4828043081829324,0.0,0.27975000000000005,0.47,0.7911642865732946,0.27052578087513174,0.9657089655379737,0.737549733800507,0.8460601544547786,0.49626569103056684,0.2357926874955187,0.5232427269220352,0.44768819356178574,0.5399922887324247
D,45,medium,100,11.48,10.919230742135639,9.0,9.4,13.5,0.06666666666666667,0.2905932629027116,0.0,0.013333333333333332,0.13333333333333333,0.09635356533556297,0.2061671766944682,0.12195121951219512,0.04775302169869919,0.14047023072056983,-0.024251192966848453,0.1790149601578968,-0.05834571495086125,-0.05931146133501041,0.011205834149025097,0.24892861414903508,0.08173982272020502,0.2555960520153001,0.23344549015760413,0.26436585476711827,0.36,0.48,0.0,0.27,0.46,0.7841279214689433,0.2734043813660699,0.9583939432124137,0.7296325359901693,0.8393189567208372,0.3014220906095215,0.23301158420211965,0.26746030524373055,0.2587143805835139,0.34564298109279296
D,45,slow,100,6.63,10.015642765194855,2.0,4.82975,8.47025,0.06666666666666667,0.2905932629027116,0.0,0.013333333333333332,0.13333333333333333,0.11765883689342299,0.31581228028080033,0.10727969348659003,0.02396342298136826,0.20176763665932146,-0.02977168612812916,0.1837037345063793,-0.06525978791398337,-0.06405132333992992,0.007334488265063809,0.2559461298055191,0.08231063953710152,0.26562958544368875,0.24082037605780446,0.27112557007234916,0.34,0.4737087712930805,0.0,0.25,0.43,0.7823170159443688,0.27408423279305716,0.954922018030997,0.7277828509488214,0.837730315797752,0.18362142215081578,0.2269139515487225,0.08500589276081882,0.14248562124918582,0.2259244332382438
D,90,fast,100,8.09,8.871409132713922,3.0,6.39975,9.991,0.06666666666666667,0.2905932629027116,0.0,0.013333333333333332,0.13333333333333333,-0.028955010918357272,0.3552422754657038,0.0,-0.12281852599966545,0.06114947721760363,-0.018027228308204007,0.16760636805268692,-0.03593478873764038,-0.04987918394963969,0.014579024070383178,0.25438235039576684,0.07435875100402027,0.2675275923554018,0.24039734773378543,0.26891840172576464,0.41,0.49183330509431744,0.0,0.32,0.51,0.7869673611270245,0.2753060743020307,0.976568665287905,0.7308284109491715,0.8413098727718507,0.26524233006808173,0.23618930530950252,0.14536285400390625,0.22021330774078002,0.3134431050797341
D,90,medium,100,6.47,10.179837916194932,1.0,4.5,8.4005,0.06666666666666667,0.2905932629027116,0.0,0.013333333333333332,0.13333333333333333,0.07107059622969496,0.29970110673796224,0.09401709401709402,-0.033760283466239965,0.17048986348358108,-0.015297079027050832,0.17006681314696728,-0.03825668069588701,-0.0479790248057318,0.018256820774818005,0.25561159192587857,0.07970919579602614,0.2716568516182435,0.24005660180530008,0.2702489557730847,0.4,0.4898979485566356,0.0,0.31,0.49,0.7852434545730154,0.27396738963838174,0.9603375969004688,0.7298164629088714,0.8398790422491643,0.2077399872563087,0.24792158808354892,0.08194444701075554,0.15937182211954393,0.2587644723707365
D,90,slow,100,4.52,10.032427423111518,0.0,2.629,6.680249999999999,0.06666666666666667,0.2905932629027116,0.0,0.013333333333333332,0.13333333333333333,0.21228842352058622,0.30781635168465976,0.1396103896103896,0.09179177689761621,0.3444377648400391,-0.014467821672015928,0.1715433234755014,-0.037966221243174156,-0.04697952195157307,0.018615218537027294,0.26038696433909597,0.07831421088940889,0.2727311227046158,0.24580224672104564,0.27535135010345024,0.41,0.49183330509431744,0.0,0.31975000000000003,0.5,0.7901838929176388,0.27682252158158543,0.9881329944117186,0.7351952088573186,0.8458315055071612,0.14090767568088444,0.22413942677221527,0.06141994521021843,0.09812607625000183,0.18714554947565007
D,135,fast,100,9.79,9.4066944247169,6.0,8.00875,11.83025,0.06666666666666667,0.2905932629027116,0.0,0.013333333333333332,0.13333333333333333,0.018038122871672627,0.2573491526603378,0.0,-0.038537526119970744,0.08017669418985822,0.014652736791446661,0.18171853103657787,0.058263614948747836,-0.023038163000407553,0.05096050765853528,0.24989547547240082,0.07667043571585913,0.2622031139193891,0.23594492494736738,0.2652185858240017,0.57,0.4950757517794625,1.0,0.46975,0.67,0.7818271842543492,0.2722059107303332,0.9609191620956394,0.7255392615998729,0.8353367743662844,0.3117732655346231,0.2559237913089201,0.19722273340448737,0.2619037725468903,0.36428073923576854
D,135,medium,100,6.1,10.799537027113708,1.0,4.0595,8.32,0.06666666666666667,0.2905932629027116,0.0,0.013333333333333332,0.13333333333333333,0.1183168488882675,0.2208187749024389,0.1043557168784029,0.03694738823203775,0.19217782927443736,0.020032007026390852,0.18619532675066647,0.052635034150735886,-0.016959406191618037,0.056992631651665154,0.25490567660025104,0.08388957773909266,0.2690467848455758,0.238840379635807,0.2704243151198862,0.59,0.49183330509431744,1.0,0.49,0.69,0.7862061907089523,0.2746470068038355,0.9965446856060417,0.7311015582845964,0.8420269134103288,0.20823668915857474,0.25352857517239746,0.08194444830175929,0.1607018826190821,0.26015721652919255
D,135,slow,100,3.53,8.867305114858741,0.0,1.8992499999999999,5.310249999999999,0.06666666666666667,0.2905932629027116,0.0,0.013333333333333332,0.13333333333333333,0.21072271271012907,0.2702320991521804,0.15789473684210525,0.0983950618885204,0.34397339519231057,0.018625389037145633,0.18917891903529943,0.060830110175359164,-0.019684823001049456,0.0564111343542226,0.2608124694147495,0.08033836901568371,0.27326892488428295,0.245226623395517,0.27597726025890656,0.57,0.4950757517794625,1.0,0.47,0.67,0.7962803263126826,0.2813291583645489,1.0285238257159055,0.7400626005120234,0.8523740197070259,0.12159795073547229,0.1870999975941461,0.06686213985085487,0.08690904631680768,0.15865125643079409
D,180,fast,100,11.91,7.895688697004208,11.0,10.459750000000001,13.43025,0.06666666666666667,0.2905932629027116,0.0,0.013333333333333332,0.13333333333333333,,,,,,0.03894932181797769,0.18508516557139484,0.08594526146173898,0.002274945842777895,0.07673792304585801,0.246105641994744,0.07508214208540819,0.2463442519897665,0.2319541890445109,0.26060935837355353,0.56,0.4963869458396343,1.0,0.46,0.66,0.7809863082419187,0.27099527771042736,0.9700011301882647,0.7257377431537569,0.8333963466760298,0.39726008675321434,0.21778184344055765,0.39420588314533234,0.3561137372002191,0.43851197713256806
D,180,medium,100,6.04,11.34629454932314,1.0,3.92,8.47025,0.06666666666666667,0.2905932629027116,0.0,0.013333333333333332,0.13333333333333333,,,,,,0.0485683172577177,0.1896884960320477,0.08299985028589385,0.011993426017800894,0.08807416192972095,0.25385064345629993,0.08104040261189466,0.2642723664839447,0.23812622110234066,0.2691316549648711,0.56,0.4963869458396343,1.0,0.46,0.66,0.7770885991652732,0.27095627887079493,0.9151300333981376,0.7210627020532265,0.8302074041012706,0.27718911469230245,0.28270399004407654,0.16079641319811344,0.2272928611204148,0.3363332405073544
D,180,slow,100,3.02,8.500564687125204,0.0,1.56975,5.031999999999998,0.06666666666666667,0.2905932629027116,0.0,0.013333333333333332,0.13333333333333333,,,,,,0.04655132978773377,0.19724092263643747,0.09109117704803406,0.007536055575424427,0.0856547318355455,0.2616213582274828,0.07945184090389394,0.2716491279110589,0.24656437301618594,0.27636959861890203,0.55,0.49749371855331,1.0,0.45,0.65,0.7979960626906275,0.2826482653571881,1.0395685219313573,0.7410000668822655,0.8540559077808861,0.11596052650555067,0.19907318411772035,0.0,0.07950754159892949,0.15615898091698818
D,225,fast,100,10.32,8.4674435339127,8.0,8.8095,12.021499999999998,0.06666666666666667,0.2905932629027116,0.0,0.013333333333333332,0.13333333333333333,0.02156562112722103,0.2254245036549161,0.0,-0.026241005652135805,0.0722813417259023,0.043151819748225344,0.17467350510852522,0.0705847173659657,0.007731242531635243,0.07662898285618473,0.25028162949687616,0.07429970158071367,0.2589142730237352,0.23685357409947433,0.2646932552645815,0.61,0.4877499359302879,1.0,0.51975,0.7,0.7836472198838002,0.27262391065540914,0.9728699181560047,0.7284627459906033,0.8364102742629433,0.33530285504995844,0.23249015791827082,0.29108790308237076,0.29356519474106607,0.3814412652777392
D,225,medium,100,5.55,10.953880590913888,1.0,3.55975,7.74025,0.06666666666666667,0.2905932629027116,0.0,0.013333333333333332,0.13333333333333333,-0.1214371958415151,0.28416703823493206,-0.13636363636363635,-0.22319182987753497,-0.021253747039838556,0.056410041810765775,0.1768525135176236,0.07811102923906499,0.020356979800333866,0.09039176875901608,0.25834017648782703,0.0828228626092926,0.26838791552167496,0.24303728154832047,0.2753430630349502,0.65,0.4769696007084728,1.0,0.56,0.74,0.779537741747313,0.2723297195026274,0.9100869473822277,0.72453653647478,0.8327430872844248,0.23550281321513467,0.28997885556793246,0.08278898149728775,0.18206881872820666,0.29601144538848895
D,225,slow,100,3.19,9.139688178488367,0.0,1.56975,5.0809999999999995,0.06666666666666667,0.2905932629027116,0.0,0.013333333333333332,0.13333333333333333,-0.24181441176016744,0.2549237340057239,-0.16666666666666666,-0.3950874897507133,-0.1270308105872622,0.05219560615348606,0.1809415028447666,0.07176824686644784,0.015805464290924255,0.08686006261783484,0.26250483376946876,0.08243055636908889,0.27183940344155,0.24758050600510165,0.27869845213118155,0.64,0.48,1.0,0.54,0.73,0.797637557990593,0.28241162397206654,1.037928257480333,0.7405138023338909,0.8539818793133656,0.10806899685390818,0.19014139987794146,0.0,0.07316929950150007,0.14707438603022274
D,270,fast,100,7.35,8.464484626957509,4.0,5.899,9.11,0.06666666666666667,0.2905932629027116,0.0,0.013333333333333332,0.13333333333333333,-0.004080309788313812,0.3947251138584077,0.0,-0.09890635642133153,0.09057288549152395,0.024842637862038483,0.1692930604849302,0.03566217210398201,-0.008316654374384442,0.05754750631049441,0.2558328396197955,0.07584651848314143,0.2658401667240842,0.24170444461592508,0.27110837587738645,0.55,0.4974937185533099,1.0,0.45,0.64,0.7901060328620515,0.27685528595111486,0.9947314107970093,0.7335340118958884,0.8437079999182036,0.2411638974518671,0.23133843828383943,0.1460112426429987,0.19933765064394066,0.2880633165410612
D,270,medium,100,5.32,10.397961338647109,0.5,3.53925,7.6202499999999995,0.06666666666666667,0.2905932629027116,0.0,0.013333333333333332,0.13333333333333333,-0.16504063501243954,0.262627110883956,-0.16718266253869968,-0.26776623588031695,-0.06603877034957034,0.031284813750722874,0.1715314470316462,0.03892555145478859,-0.0021645488023761847,0.06360238816515114,0.25811530007458683,0.08216112875542383,0.2694652079927271,0.24303741310570645,0.27444746754184635,0.55,0.4974937185533099,1.0,0.45,0.64,0.7880897489197841,0.27588943982533665,0.9826942555490015,0.7333900271059857,0.8441595741600958,0.19603937693438866,0.25806932467068233,0.0792129635810852,0.14809509193155923,0.24746419386238266
D,270,slow,100,3.17,9.662354785454733,0.0,1.57,5.26,0.06666666666666667,0.2905932629027116,0.0,0.013333333333333332,0.13333333333333333,-0.14656611162412514,0.21475589776844975,-0.13636363636363635,-0.28700601578709445,-0.013882822873642757,0.03087730332062587,0.17048502101523869,0.04005354776660509,-0.002320165290298071,0.06347319781262815,0.2619948704547084,0.08133509176251108,0.2715892163194729,0.247166830119307,0.2774886577255141,0.55,0.4974937185533099,1.0,0.45,0.64,0.794886947339015,0.2803067466300777,1.0115963595332143,0.7383431802800077,0.8513768584006022,0.1111744065019267,0.21124560862271186,0.0,0.0742655466929019,0.156796304022749
D,315,fast,100,12.33,7.596124011625929,11.0,10.9,13.870499999999998,0.06666666666666667,0.2905932629027116,0.0,0.013333333333333332,0.13333333333333333,0.008804148040686981,0.17155677816626858,0.0,-0.027821519969536485,0.05006848526860006,0.0003807146030048886,0.18417676823624007,-0.034916623343168696,-0.03725860366980978,0.03838102203477238,0.2480270855072867,0.08034332374173517,0.24707430516769105,0.23327519606805713,0.2640941859497166,0.4,0.48989794855663565,0.0,0.3,0.5,0.7900449736793478,0.2772161325626547,0.9934855388977876,0.7334868824312188,0.8437459422660808,0.380336125974718,0.18878521214779861,0.3935919962823391,0.3451539381912662,0.41851112406999164
D,315,medium,100,7.95,9.777908774375021,3.5,6.19925,10.09025,0.06666666666666667,0.2905932629027116,0.0,0.013333333333333332,0.13333333333333333,-0.08158063895428325,0.21984381344174395,-0.09090909090909091,-0.13803296113680272,-0.02799916463712368,-0.0013439634144585518,0.18906388900398008,-0.04578705511150745,-0.038481224405393186,0.03769327315801941,0.2528153399911103,0.08566878782316655,0.2612563595079702,0.23731008696640915,0.26989106196901935,0.4,0.48989794855663565,0.0,0.3,0.5,0.7874667623208531,0.2767669148685136,0.9771851725222593,0.7315218432608088,0.8427571660324926,0.2265952516207352,0.2047883730541682,0.15828714380040765,0.18626684747110092,0.27064786874107083
D,315,slow,100,3.87,7.6676658769145645,1.0,2.54,5.630249999999999,0.06666666666666667,0.2905932629027116,0.0,0.013333333333333332,0.13333333333333333,-0.10642964617556269,0.30149065244308787,-0.1,-0.20743655668791786,0.019603789535731414,-0.0019295194724453294,0.19458240423772735,-0.056626040210076785,-0.04114976669433361,0.038477125434993216,0.2610937542305225,0.08572718616793658,0.2690510806117775,0.2449003561442313,0.2774795404238927,0.39,0.4877499359302879,0.0,0.29,0.49,0.7862424286796059,0.2777991207228935,0.9501435105331888,0.7301599450008569,0.8414725757088178,0.12785836303072481,0.17182381477758266,0.07276555150747299,0.09565248354533011,0.16388305392718192
E,0,fast,100,0.17,0.375632799419859,0.0,0.1,0.25,0.10666666666666666,0.36172426576668093,0.0,0.04,0.18666666666666665,,,,,,-0.036762786285699,0.2113229028819525,-0.08905725313214699,-0.07886489179859084,0.005135858056866504,0.2708344823662933,0.08094444607823666,0.27454648223684697,0.2559517194218518,0.28602266631762646,0.4,0.48989794855663565,0.0,0.3,0.5,0.7991986919691527,0.2836780948026574,1.0441286213621417,0.7421193756775386,0.8558623157271843,0.016720763648328592,0.03074138375772668,0.0,0.011240617851577667,0.023225803036825938
E,0,medium,100,0.17,0.375632799419859,0.0,0.1,0.25,0.10666666666666666,0.36172426576668093,0.0,0.04,0.18666666666666665,,,,,,-0.036762786285699,0.2113229028819525,-0.08905725313214699,-0.07886489179859084,0.005135858056866504,0.2708344823662933,0.08094444607823666,0.27454648223684697,0.2559517194218518,0.28602266631762646,0.4,0.48989794855663565,0.0,0.3,0.5,0.7991986919691527,0.2836780948026574,1.0441286213621417,0.7421193756775386,0.8558623157271843,0.016720763648328592,0.03074138375772668,0.0,0.011240617851577667,0.023225803036825938
E,0,slow,100,0.17,0.375632799419859,0.0,0.1,0.25,0.10666666666666666,0.36172426576668093,0.0,0.04,0.18666666666666665,,,,,,-0.036762786285699,0.2113229028819525,-0.08905725313214699,-0.07886489179859084,0.005135858056866504,0.2708344823662933,0.08094444607823666,0.27454648223684697,0.2559517194218518,0.28602266631762646,0.4,0.48989794855663565,0.0,0.3,0.5,0.7991986919691527,0.2836780948026574,1.0441286213621417,0.7421193756775386,0.8558623157271843,0.016720763648328592,0.03074138375772668,0.0,0.011240617851577667,0.023225803036825938
E,45,fast,100,0.17,0.375632799419859,0.0,0.1,0.25,0.10666666666666666,0.36172426576668093,0.0,0.04,0.18666666666666665,,,,,,-0.04193516343187838,0.1936200118380012,-0.07393467056108656,-0.07929997265479481,-0.0034545371681640948,0.2708344823662933,0.08094444607823666,0.27454648223684697,0.2559517194218518,0.28602266631762646,0.35,0.4769696007084728,0.0,0.26,0.44,0.7991986919691527,0.2836780948026574,1.0441286213621417,0.7421193756775386,0.8558623157271843,0.016720763648328592,0.03074138375772668,0.0,0.011240617851577667,0.023225803036825938
E,45,medium,100,0.17,0.375632799419859,0.0,0.1,0.25,0.10666666666666666,0.36172426576668093,0.0,0.04,0.18666666666666665,,,,,,-0.04193516343187838,0.1936200118380012,-0.07393467056108656,-0.07929997265479481,-0.0034545371681640948,0.2708344823662933,0.08094444607823666,0.27454648223684697,0.2559517194218518,0.28602266631762646,0.35,0.4769696007084728,0.0,0.26,0.44,0.7991986919691527,0.2836780948026574,1.0441286213621417,0.7421193756775386,0.8558623157271843,0.016720763648328592,0.03074138375772668,0.0,0.011240617851577667,0.023225803036825938
E,45,slow,100,0.17,0.375632799419859,0.0,0.1,0.25,0.10666666666666666,0.36172426576668093,0.0,0.04,0.18666666666666665,,,,,,-0.04193516343187838,0.1936200118380012,-0.07393467056108656,-0.07929997265479481,-0.0034545371681640948,0.2708344823662933,0.08094444607823666,0.27454648223684697,0.2559517194218518,0.28602266631762646,0.35,0.4769696007084728,0.0,0.26,0.44,0.7991986919691527,0.2836780948026574,1.0441286213621417,0.7421193756775386,0.8558623157271843,0.016720763648328592,0.03074138375772668,0.0,0.011240617851577667,0.023225803036825938
E,90,fast,100,0.17,0.375632799419859,0.0,0.1,0.25,0.10666666666666666,0.36172426576668093,0.0,0.04,0.18666666666666665,,,,,,-0.02254249057999567,0.18271914122510077,-0.03707527895651413,-0.05753803457504479,0.013300038768165273,0.2708344823662933,0.08094444607823666,0.27454648223684697,0.2559517194218518,0.28602266631762646,0.41,0.49183330509431744,0.0,0.31975000000000003,0.5,0.7991986919691527,0.2836780948026574,1.0441286213621417,0.7421193756775386,0.8558623157271843,0.016720763648328592,0.03074138375772668,0.0,0.011240617851577667,0.023225803036825938
E,90,medium,100,0.17,0.375632799419859,0.0,0.1,0.25,0.10666666666666666,0.36172426576668093,0.0,0.04,0.18666666666666665,,,,,,-0.02254249057999567,0.18271914122510077,-0.03707527895651413,-0.05753803457504479,0.013300038768165273,0.2708344823662933,0.08094444607823666,0.27454648223684697,0.2559517194218518,0.28602266631762646,0.41,0.49183330509431744,0.0,0.31975000000000003,0.5,0.7991986919691527,0.2836780948026574,1.0441286213621417,0.7421193756775386,0.8558623157271843,0.016720763648328592,0.03074138375772668,0.0,0.011240617851577667,0.023225803036825938
E,90,slow,100,0.17,0.375632799419859,0.0,0.1,0.25,0.10666666666666666,0.36172426576668093,0.0,0.04,0.18666666666666665,,,,,,-0.02254249057999567,0.18271914122510077,-0.03707527895651413,-0.05753803457504479,0.013300038768165273,0.2708344823662933,0.08094444607823666,0.27454648223684697,0.2559517194218518,0.28602266631762646,0.41,0.49183330509431744,0.0,0.31975000000000003,0.5,0.7991986919691527,0.2836780948026574,1.0441286213621417,0.7421193756775386,0.8558623157271843,0.016720763648328592,0.03074138375772668,0.0,0.011240617851577667,0.023225803036825938
E,135,fast,100,0.17,0.375632799419859,0.0,0.1,0.25,0.10666666666666666,0.36172426576668093,0.0,0.04,0.18666666666666665,,,,,,0.010055267523980765,0.2013825833292088,0.0651959301706429,-0.03150763481224045,0.050333490768809844,0.2708344823662933,0.08094444607823666,0.27454648223684697,0.2559517194218518,0.28602266631762646,0.57,0.4950757517794625,1.0,0.47,0.67,0.7991986919691527,0.2836780948026574,1.0441286213621417,0.7421193756775386,0.8558623157271843,0.016720763648328592,0.03074138375772668,0.0,0.011240617851577667,0.023225803036825938
E,135,medium,100,0.17,0.375632799419859,0.0,0.1,0.25,0.10666666666666666,0.36172426576668093,0.0,0.04,0.18666666666666665,,,,,,0.010055267523980765,0.2013825833292088,0.0651959301706429,-0.03150763481224045,0.050333490768809844,0.2708344823662933,0.08094444607823666,0.27454648223684697,0.2559517194218518,0.28602266631762646,0.57,0.4950757517794625,1.0,0.47,0.67,0.7991986919691527,0.2836780948026574,1.0441286213621417,0.7421193756775386,0.8558623157271843,0.016720763648328592,0.03074138375772668,0.0,0.011240617851577667,0.023225803036825938
E,135,slow,100,0.17,0.375632799419859,0.0,0.1,0.25,0.10666666666666666,0.36172426576668093,0.0,0.04,0.18666666666666665,,,,,,0.010055267523980765,0.2013825833292088,0.0651959301706429,-0.03150763481224045,0.050333490768809844,0.2708344823662933,0.08094444607823666,0.27454648223684697,0.2559517194218518,0.28602266631762646,0.57,0.4950757517794625,1.0,0.47,0.67,0.7991986919691527,0.2836780948026574,1.0441286213621417,0.7421193756775386,0.8558623157271843,0.016720763648328592,0.03074138375772668,0.0,0.011240617851577667,0.023225803036825938
E,180,fast,100,0.17,0.375632799419859,0.0,0.1,0.25,0.10666666666666666,0.36172426576668093,0.0,0.04,0.18666666666666665,,,,,,0.03676278628569899,0.21132290288195252,0.0890572531321469,-0.0051358580568665125,0.07886489179859082,0.2708344823662933,0.08094444607823666,0.27454648223684697,0.2559517194218518,0.28602266631762646,0.55,0.49749371855331,1.0,0.45,0.65,0.7991986919691527,0.2836780948026574,1.0441286213621417,0.7421193756775386,0.8558623157271843,0.016720763648328592,0.03074138375772668,0.0,0.011240617851577667,0.023225803036825938
E,180,medium,100,0.17,0.375632799419859,0.0,0.1,0.25,0.10666666666666666,0.36172426576668093,0.0,0.04,0.18666666666666665,,,,,,0.03676278628569899,0.21132290288195252,0.0890572531321469,-0.0051358580568665125,0.07886489179859082,0.2708344823662933,0.08094444607823666,0.27454648223684697,0.2559517194218518,0.28602266631762646,0.55,0.49749371855331,1.0,0.45,0.65,0.7991986919691527,0.2836780948026574,1.0441286213621417,0.7421193756775386,0.8558623157271843,0.016720763648328592,0.03074138375772668,0.0,0.011240617851577667,0.023225803036825938
E,180,slow,100,0.17,0.375632799419859,0.0,0.1,0.25,0.10666666666666666,0.36172426576668093,0.0,0.04,0.18666666666666665,,,,,,0.03676278628569899,0.21132290288195252,0.0890572531321469,-0.0051358580568665125,0.07886489179859082,0.2708344823662933,0.08094444607823666,0.27454648223684697,0.2559517194218518,0.28602266631762646,0.55,0.49749371855331,1.0,0.45,0.65,0.7991986919691527,0.2836780948026574,1.0441286213621417,0.7421193756775386,0.8558623157271843,0.016720763648328592,0.03074138375772668,0.0,0.011240617851577667,0.023225803036825938
E,225,fast,100,0.17,0.375632799419859,0.0,0.1,0.25,0.10666666666666666,0.36172426576668093,0.0,0.04,0.18666666666666665,,,,,,0.04193516343187838,0.19362001183800126,0.07393467056108655,0.003454537168164083,0.07929997265479481,0.2708344823662933,0.08094444607823666,0.27454648223684697,0.2559517194218518,0.28602266631762646,0.63,0.48280430818293246,1.0,0.53,0.72,0.7991986919691527,0.2836780948026574,1.0441286213621417,0.7421193756775386,0.8558623157271843,0.016720763648328592,0.03074138375772668,0.0,0.011240617851577667,0.023225803036825938
E,225,medium,100,0.17,0.375632799419859,0.0,0.1,0.25,0.10666666666666666,0.36172426576668093,0.0,0.04,0.18666666666666665,,,,,,0.04193516343187838,0.19362001183800126,0.07393467056108655,0.003454537168164083,0.07929997265479481,0.2708344823662933,0.08094444607823666,0.27454648223684697,0.2559517194218518,0.28602266631762646,0.63,0.48280430818293246,1.0,0.53,0.72,0.7991986919691527,0.2836780948026574,1.0441286213621417,0.7421193756775386,0.8558623157271843,0.016720763648328592,0.03074138375772668,0.0,0.011240617851577667,0.023225803036825938
E,225,slow,100,0.17,0.375632799419859,0.0,0.1,0.25,0.10666666666666666,0.36172426576668093,0.0,0.04,0.18666666666666665,,,,,,0.04193516343187838,0.19362001183800126,0.07393467056108655,0.003454537168164083,0.07929997265479481,0.2708344823662933,0.08094444607823666,0.27454648223684697,0.2559517194218518,0.28602266631762646,0.63,0.48280430818293246,1.0,0.53,0.72,0.7991986919691527,0.2836780948026574,1.0441286213621417,0.7421193756775386,0.8558623157271843,0.016720763648328592,0.03074138375772668,0.0,0.011240617851577667,0.023225803036825938
E,270,fast,100,0.17,0.375632799419859,0.0,0.1,0.25,0.10666666666666666,0.36172426576668093,0.0,0.04,0.18666666666666665,,,,,,0.022542490579995675,0.18271914122510075,0.037075278956514135,-0.01330003876816526,0.057538034575044805,0.2708344823662933,0.08094444607823666,0.27454648223684697,0.2559517194218518,0.28602266631762646,0.55,0.4974937185533099,1.0,0.45,0.64,0.7991986919691527,0.2836780948026574,1.0441286213621417,0.7421193756775386,0.8558623157271843,0.016720763648328592,0.03074138375772668,0.0,0.011240617851577667,0.023225803036825938
E,270,medium,100,0.17,0.375632799419859,0.0,0.1,0.25,0.10666666666666666,0.36172426576668093,0.0,0.04,0.18666666666666665,,,,,,0.022542490579995675,0.18271914122510075,0.037075278956514135,-0.01330003876816526,0.057538034575044805,0.2708344823662933,0.08094444607823666,0.27454648223684697,0.2559517194218518,0.28602266631762646,0.55,0.4974937185533099,1.0,0.45,0.64,0.7991986919691527,0.2836780948026574,1.0441286213621417,0.7421193756775386,0.8558623157271843,0.016720763648328592,0.03074138375772668,0.0,0.011240617851577667,0.023225803036825938
E,270,slow,100,0.17,0.375632799419859,0.0,0.1,0.25,0.10666666666666666,0.36172426576668093,0.0,0.04,0.18666666666666665,,,,,,0.022542490579995675,0.18271914122510075,0.037075278956514135,-0.01330003876816526,0.057538034575044805,0.2708344823662933,0.08094444607823666,0.27454648223684697,0.2559517194218518,0.28602266631762646,0.55,0.4974937185533099,1.0,0.45,0.64,0.7991986919691527,0.2836780948026574,1.0441286213621417,0.7421193756775386,0.8558623157271843,0.016720763648328592,0.03074138375772668,0.0,0.011240617851577667,0.023225803036825938
E,315,fast,100,0.17,0.375632799419859,0.0,0.1,0.25,0.10666666666666666,0.36172426576668093,0.0,0.04,0.18666666666666665,,,,,,-0.010055267523980761,0.2013825833292088,-0.06519593017064296,-0.05033349076880985,0.03150763481224045,0.2708344823662933,0.08094444607823666,0.27454648223684697,0.2559517194218518,0.28602266631762646,0.39,0.4877499359302879,0.0,0.29,0.49,0.7991986919691527,0.2836780948026574,1.0441286213621417,0.7421193756775386,0.8558623157271843,0.016720763648328592,0.03074138375772668,0.0,0.011240617851577667,0.023225803036825938
E,315,medium,100,0.17,0.375632799419859,0.0,0.1,0.25,0.10666666666666666,0.36172426576668093,0.0,0.04,0.18666666666666665,,,,,,-0.010055267523980761,0.2013825833292088,-0.06519593017064296,-0.05033349076880985,0.03150763481224045,0.2708344823662933,0.08094444607823666,0.27454648223684697,0.2559517194218518,0.28602266631762646,0.39,0.4877499359302879,0.0,0.29,0.49,0.7991986919691527,0.2836780948026574,1.0441286213621417,0.7421193756775386,0.8558623157271843,0.016720763648328592,0.03074138375772668,0.0,0.011240617851577667,0.023225803036825938
E,315,slow,100,0.17,0.375632799419859,0.0,0.1,0.25,0.10666666666666666,0.36172426576668093,0.0,0.04,0.18666666666666665,,,,,,-0.010055267523980761,0.2013825833292088,-0.06519593017064296,-0.05033349076880985,0.03150763481224045,0.2708344823662933,0.08094444607823666,0.27454648223684697,0.2559517194218518,0.28602266631762646,0.39,0.4877499359302879,0.0,0.29,0.49,0.7991986919691527,0.2836780948026574,1.0441286213621417,0.7421193756775386,0.8558623157271843,0.016720763648328592,0.03074138375772668,0.0,0.011240617851577667,0.023225803036825938
