local_index,bodyId,type,instance,side,role,nt,sign,sector,input_channel_kind,input_gain,superclass
0,10010,DNp01,DNp01(GF)_L,L,dn,acetylcholine,1.0,-1,,0.0,descending_neuron
1,10001,DNp01,DNp01(GF)_R,R,dn,acetylcholine,1.0,-1,,0.0,descending_neuron
2,10197,DNp02,DNp02_L,L,dn,acetylcholine,1.0,-1,,0.0,descending_neuron
3,10117,DNp02,DNp02_R,R,dn,acetylcholine,1.0,-1,,0.0,descending_neuron
4,10752,DNp03,DNp03_L,L,dn,acetylcholine,1.0,-1,,0.0,descending_neuron
5,10989,DNp03,DNp03_R,R,dn,acetylcholine,1.0,-1,,0.0,descending_neuron
6,531898,DNp04,DNp04_L,L,dn,acetylcholine,1.0,-1,,0.0,descending_neuron
7,11137,DNp04,DNp04_R,R,dn,acetylcholine,1.0,-1,,0.0,descending_neuron
8,10228,DNp06,DNp06_L,L,dn,acetylcholine,1.0,-1,,0.0,descending_neuron
9,10584,DNp06,DNp06_R,R,dn,acetylcholine,1.0,-1,,0.0,descending_neuron
10,10259,DNp11,DNp11_L,L,dn,acetylcholine,1.0,-1,,0.0,descending_neuron
11,10106,DNp11,DNp11_R,R,dn,acetylcholine,1.0,-1,,0.0,descending_neuron
12,10017,AMMC-A1,AMMC-A1_L,L,inter,acetylcholine,1.0,-1,,0.0,cb_intrinsic
13,10020,AMMC-A1,AMMC-A1_L,L,inter,acetylcholine,1.0,-1,,0.0,cb_intrinsic
14,10257,AMMC-A1,AMMC-A1_L,L,inter,acetylcholine,1.0,-1,,0.0,cb_intrinsic
15,10146,AMMC-A1,AMMC-A1_R,R,inter,acetylcholine,1.0,-1,,0.0,cb_intrinsic
16,10277,AMMC-A1,AMMC-A1_R,R,inter,acetylcholine,1.0,-1,,0.0,cb_intrinsic
17,517110,AOTU036,AOTU036_L,L,inter,glutamate,-1.0,-1,,0.0,cb_intrinsic
18,20096,AOTU036,AOTU036_R,R,inter,glutamate,-1.0,-1,,0.0,cb_intrinsic
19,10172,AVLP080,AVLP080_L,L,inter,gaba,-1.0,-1,,0.0,cb_intrinsic
20,21568,AVLP080,AVLP080_R,R,inter,gaba,-1.0,-1,,0.0,cb_intrinsic
21,22292,AVLP094,AVLP094_L,L,inter,gaba,-1.0,-1,,0.0,cb_intrinsic
22,21548,AVLP094,AVLP094_R,R,inter,gaba,-1.0,-1,,0.0,cb_intrinsic
23,22620,AVLP176_d,AVLP176_d_L,L,inter,acetylcholine,1.0,-1,,0.0,cb_intrinsic
24,570458,AVLP176_d,AVLP176_d_L,L,inter,acetylcholine,1.0,-1,,0.0,cb_intrinsic
25,25839,AVLP176_d,AVLP176_d_R,R,inter,acetylcholine,1.0,-1,,0.0,cb_intrinsic
26,530850,AVLP176_d,AVLP176_d_R,R,inter,acetylcholine,1.0,-1,,0.0,cb_intrinsic
27,17404,AVLP202,AVLP202_R,R,inter,gaba,-1.0,-1,,0.0,cb_intrinsic
28,12798,AVLP210,AVLP210_R,R,inter,acetylcholine,1.0,-1,,0.0,cb_intrinsic
29,16904,AVLP259,AVLP259_L,L,inter,acetylcholine,1.0,-1,,0.0,cb_intrinsic
30,521326,AVLP259,AVLP259_L,L,inter,acetylcholine,1.0,-1,,0.0,cb_intrinsic
31,16887,AVLP259,AVLP259_R,R,inter,acetylcholine,1.0,-1,,0.0,cb_intrinsic
32,10780,AVLP396,AVLP396_L,L,inter,acetylcholine,1.0,-1,,0.0,cb_intrinsic
33,12041,AVLP396,AVLP396_R,R,inter,acetylcholine,1.0,-1,,0.0,cb_intrinsic
34,11599,AVLP429,AVLP429_L,L,inter,acetylcholine,1.0,-1,,0.0,cb_intrinsic
35,13825,AVLP429,AVLP429_R,R,inter,acetylcholine,1.0,-1,,0.0,cb_intrinsic
36,18433,AVLP451,AVLP451_L,L,inter,acetylcholine,1.0,-1,,0.0,cb_intrinsic
37,526472,AVLP451,AVLP451_R,R,inter,acetylcholine,1.0,-1,,0.0,cb_intrinsic
38,519389,AVLP452,AVLP452_L,L,inter,acetylcholine,1.0,-1,,0.0,cb_intrinsic
39,531899,AVLP452,AVLP452_L,L,inter,acetylcholine,1.0,-1,,0.0,cb_intrinsic
40,85544,AVLP452,AVLP452_R,R,inter,acetylcholine,1.0,-1,,0.0,cb_intrinsic
41,531983,AVLP452,AVLP452_R,R,inter,acetylcholine,1.0,-1,,0.0,cb_intrinsic
42,11101,AVLP502,AVLP502_L,L,inter,acetylcholine,1.0,-1,,0.0,cb_intrinsic
43,11462,AVLP502,AVLP502_R,R,inter,acetylcholine,1.0,-1,,0.0,cb_intrinsic
44,516980,CB0414,CB0414_L,L,inter,gaba,-1.0,-1,,0.0,cb_intrinsic
45,520341,CB0540,CB0540_L,L,inter,gaba,-1.0,-1,,0.0,cb_intrinsic
46,12564,CB0540,CB0540_R,R,inter,gaba,-1.0,-1,,0.0,cb_intrinsic
47,22804,CB0734,CB0734_L,L,inter,acetylcholine,1.0,-1,,0.0,cb_intrinsic
48,11378,CB1280,CB1280_L,L,inter,acetylcholine,1.0,-1,,0.0,cb_intrinsic
49,512121,CB1280,CB1280_R,R,inter,acetylcholine,1.0,-1,,0.0,cb_intrinsic
50,556303,CB1498,CB1498_L,L,inter,acetylcholine,1.0,-1,,0.0,cb_intrinsic
51,20338,CB1498,CB1498_R,R,inter,acetylcholine,1.0,-1,,0.0,cb_intrinsic
52,27620,CB1638,CB1638_R,R,inter,acetylcholine,1.0,-1,,0.0,cb_intrinsic
53,29523,CB1638,CB1638_R,R,inter,acetylcholine,1.0,-1,,0.0,cb_intrinsic
54,14106,CB2664,CB2664_L,L,inter,acetylcholine,1.0,-1,,0.0,cb_intrinsic
55,19924,CB2664,CB2664_L,L,inter,acetylcholine,1.0,-1,,0.0,cb_intrinsic
56,13600,CB2664,CB2664_R,R,inter,acetylcholine,1.0,-1,,0.0,cb_intrinsic
57,15261,CB2664,CB2664_R,R,inter,acetylcholine,1.0,-1,,0.0,cb_intrinsic
58,38423,CB2940,CB2940_L,L,inter,acetylcholine,1.0,-1,,0.0,cb_intrinsic
59,18687,CB3019,CB3019_R,R,inter,acetylcholine,1.0,-1,,0.0,cb_intrinsic
60,23446,CB3201,CB3201_L,L,inter,acetylcholine,1.0,-1,,0.0,cb_intrinsic
61,521463,CB3201,CB3201_L,L,inter,acetylcholine,1.0,-1,,0.0,cb_intrinsic
62,22309,CB3201,CB3201_R,R,inter,acetylcholine,1.0,-1,,0.0,cb_intrinsic
63,21392,CB3400,CB3400_L,L,inter,acetylcholine,1.0,-1,,0.0,cb_intrinsic
64,19951,CB3400,CB3400_R,R,inter,acetylcholine,1.0,-1,,0.0,cb_intrinsic
65,15994,CB3513,CB3513_L,L,inter,gaba,-1.0,-1,,0.0,cb_intrinsic
66,71157,CB3513,CB3513_L,L,inter,gaba,-1.0,-1,,0.0,cb_intrinsic
67,16930,CB3513,CB3513_R,R,inter,gaba,-1.0,-1,,0.0,cb_intrinsic
68,17065,CB3513,CB3513_R,R,inter,gaba,-1.0,-1,,0.0,cb_intrinsic
69,14091,CB3544,CB3544_L,L,inter,gaba,-1.0,-1,,0.0,cb_intrinsic
70,15733,CB3544,CB3544_R,R,inter,gaba,-1.0,-1,,0.0,cb_intrinsic
71,20143,CB4102,CB4102_L,L,inter,acetylcholine,1.0,-1,,0.0,cb_intrinsic
72,44388,CB4102,CB4102_L,L,inter,acetylcholine,1.0,-1,,0.0,cb_intrinsic
73,72379,CB4102,CB4102_L,L,inter,acetylcholine,1.0,-1,,0.0,cb_intrinsic
74,119838,CB4102,CB4102_L,L,inter,acetylcholine,1.0,-1,,0.0,cb_intrinsic
75,27055,CB4102,CB4102_R,R,inter,acetylcholine,1.0,-1,,0.0,cb_intrinsic
76,35502,CB4102,CB4102_R,R,inter,acetylcholine,1.0,-1,,0.0,cb_intrinsic
77,78011,CB4102,CB4102_R,R,inter,acetylcholine,1.0,-1,,0.0,cb_intrinsic
78,588414,CB4163,CB4163_L,L,inter,gaba,-1.0,-1,,0.0,cb_intrinsic
79,18977,CB4163,CB4163_R,R,inter,gaba,-1.0,-1,,0.0,cb_intrinsic
80,13405,CB4179,CB4179_L,L,inter,gaba,-1.0,-1,,0.0,cb_intrinsic
81,80085,CL022_b,CL022_b_L,L,inter,acetylcholine,1.0,-1,,0.0,cb_intrinsic
82,13919,CL022_b,CL022_b_R,R,inter,acetylcholine,1.0,-1,,0.0,cb_intrinsic
83,11938,CL066,CL066_R,R,inter,gaba,-1.0,-1,,0.0,cb_intrinsic
84,18275,CL128a,CL128a_L,L,inter,gaba,-1.0,-1,,0.0,cb_intrinsic
85,514526,CL128a,CL128a_L,L,inter,gaba,-1.0,-1,,0.0,cb_intrinsic
86,24379,CL128a,CL128a_R,R,inter,gaba,-1.0,-1,,0.0,cb_intrinsic
87,535044,CL128a,CL128a_R,R,inter,gaba,-1.0,-1,,0.0,cb_intrinsic
88,10778,CL286,CL286_L,L,inter,acetylcholine,1.0,-1,,0.0,cb_intrinsic
89,11108,CL286,CL286_R,R,inter,acetylcholine,1.0,-1,,0.0,cb_intrinsic
90,21342,CL323,CL323_L,L,inter,acetylcholine,1.0,-1,,0.0,cb_intrinsic
91,30883,CL323,CL323_R,R,inter,acetylcholine,1.0,-1,,0.0,cb_intrinsic
92,76637,CL323,CL323_R,R,inter,acetylcholine,1.0,-1,,0.0,cb_intrinsic
93,527694,CL323,CL323_R,R,inter,acetylcholine,1.0,-1,,0.0,cb_intrinsic
94,14057,CL340,CL340_L,L,inter,acetylcholine,1.0,-1,,0.0,cb_intrinsic
95,16103,CL340,CL340_L,L,inter,acetylcholine,1.0,-1,,0.0,cb_intrinsic
96,10909,CL340,CL340_R,R,inter,acetylcholine,1.0,-1,,0.0,cb_intrinsic
97,14910,CL340,CL340_R,R,inter,acetylcholine,1.0,-1,,0.0,cb_intrinsic
98,10361,DNg40,DNg40(hb5813056435)_L,L,inter,glutamate,-1.0,-1,,0.0,descending_neuron
99,10923,DNg40,DNg40(hb5813056435)_R,R,inter,glutamate,-1.0,-1,,0.0,descending_neuron
100,10417,DNp103,DNp103(PVLP119)_L,L,inter,acetylcholine,1.0,-1,,0.0,descending_neuron
101,10283,DNp103,DNp103(PVLP119)_R,R,inter,acetylcholine,1.0,-1,,0.0,descending_neuron
102,515575,DNp26,DNp26_R,R,inter,acetylcholine,1.0,-1,,0.0,descending_neuron
103,10244,DNp55,DNp55(WED180)_L,L,inter,acetylcholine,1.0,-1,,0.0,descending_neuron
104,33037,DNp69,DNp69(CL304)_L,L,inter,acetylcholine,1.0,-1,,0.0,descending_neuron
105,10957,DNp69,DNp69(CL304)_R,R,inter,acetylcholine,1.0,-1,,0.0,descending_neuron
106,10580,DNp70,DNp70(CL305)_L,L,inter,acetylcholine,1.0,-1,,0.0,descending_neuron
107,11133,DNp70,DNp70(CL305)_R,R,inter,acetylcholine,1.0,-1,,0.0,descending_neuron
108,10091,DNpe042,DNpe042(CL262)_L,L,inter,acetylcholine,1.0,-1,,0.0,descending_neuron
109,12628,DNpe042,DNpe042(CL262)_R,R,inter,acetylcholine,1.0,-1,,0.0,descending_neuron
110,529031,GNG300,GNG300_L,L,inter,gaba,-1.0,-1,,0.0,cb_intrinsic
111,10263,GNG300,GNG300_R,R,inter,gaba,-1.0,-1,,0.0,cb_intrinsic
112,555309,GNG385,GNG385_L,L,inter,gaba,-1.0,-1,,0.0,cb_intrinsic
113,574984,GNG385,GNG385_L,L,inter,gaba,-1.0,-1,,0.0,cb_intrinsic
114,12229,GNG385,GNG385_R,R,inter,gaba,-1.0,-1,,0.0,cb_intrinsic
115,12426,GNG385,GNG385_R,R,inter,gaba,-1.0,-1,,0.0,cb_intrinsic
116,536466,LC23,LC23_L,L,inter,acetylcholine,1.0,-1,,0.0,visual_projection
117,579933,LC23,LC23_L,L,inter,acetylcholine,1.0,-1,,0.0,visual_projection
118,17515,LC23,LC23_R,R,inter,acetylcholine,1.0,-1,,0.0,visual_projection
119,18632,LC23,LC23_R,R,inter,acetylcholine,1.0,-1,,0.0,visual_projection
120,31006,LC23,LC23_R,R,inter,acetylcholine,1.0,-1,,0.0,visual_projection
121,14318,LC31a,LC31a_L,L,inter,acetylcholine,1.0,-1,,0.0,visual_projection
122,29719,LC31a,LC31a_L,L,inter,acetylcholine,1.0,-1,,0.0,visual_projection
123,25862,LC31a,LC31a_R,R,inter,acetylcholine,1.0,-1,,0.0,visual_projection
124,39427,LC31a,LC31a_R,R,inter,acetylcholine,1.0,-1,,0.0,visual_projection
125,10147,LHAD1g1,LHAD1g1_L,L,inter,gaba,-1.0,-1,,0.0,cb_intrinsic
126,10297,LHAD1g1,LHAD1g1_R,R,inter,gaba,-1.0,-1,,0.0,cb_intrinsic
127,10345,LT40,LT40_L,L,inter,gaba,-1.0,-1,,0.0,visual_centrifugal
128,11628,LT40,LT40_R,R,inter,gaba,-1.0,-1,,0.0,visual_centrifugal
129,10936,LT61b,LT61b_L,L,inter,acetylcholine,1.0,-1,,0.0,visual_projection
130,12957,LT61b,LT61b_R,R,inter,acetylcholine,1.0,-1,,0.0,visual_projection
131,10051,Li39,Li39_L,L,inter,gaba,-1.0,-1,,0.0,ol_intrinsic
132,10611,Li39,Li39_R,R,inter,gaba,-1.0,-1,,0.0,ol_intrinsic
133,12225,LoVC15,LoVC15_L,L,inter,gaba,-1.0,-1,,0.0,visual_centrifugal
134,519899,LoVC15,LoVC15_L,L,inter,gaba,-1.0,-1,,0.0,visual_centrifugal
135,519900,LoVC15,LoVC15_L,L,inter,gaba,-1.0,-1,,0.0,visual_centrifugal
136,10776,LoVC7,LoVC7_L,L,inter,gaba,-1.0,-1,,0.0,visual_centrifugal
137,517193,LoVC7,LoVC7_R,R,inter,gaba,-1.0,-1,,0.0,visual_centrifugal
138,11187,LoVP54,LoVP54_L,L,inter,acetylcholine,1.0,-1,,0.0,visual_projection
139,11435,LoVP54,LoVP54_R,R,inter,acetylcholine,1.0,-1,,0.0,visual_projection
140,10251,MeVP53,MeVP53_L,L,inter,gaba,-1.0,-1,,0.0,visual_projection
141,10480,MeVP53,MeVP53_R,R,inter,gaba,-1.0,-1,,0.0,visual_projection
142,38037,PLP018,PLP018_L,L,inter,gaba,-1.0,-1,,0.0,cb_intrinsic
143,10089,PLP034,PLP034_L,L,inter,glutamate,-1.0,-1,,0.0,cb_intrinsic
144,11511,PLP034,PLP034_R,R,inter,glutamate,-1.0,-1,,0.0,cb_intrinsic
145,525958,PLP060,PLP060_L,L,inter,gaba,-1.0,-1,,0.0,cb_intrinsic
146,11440,PLP060,PLP060_R,R,inter,gaba,-1.0,-1,,0.0,cb_intrinsic
147,12557,PLP093,PLP093_L,L,inter,acetylcholine,1.0,-1,,0.0,cb_intrinsic
148,12556,PLP093,PLP093_R,R,inter,acetylcholine,1.0,-1,,0.0,cb_intrinsic
149,11303,PLP211,PLP211_L,L,inter,unclear,0.0,-1,,0.0,cb_intrinsic
150,11507,PLP211,PLP211_R,R,inter,unclear,0.0,-1,,0.0,cb_intrinsic
151,558846,PLP229,PLP229_L,L,inter,acetylcholine,1.0,-1,,0.0,cb_intrinsic
152,14397,PLP229,PLP229_R,R,inter,acetylcholine,1.0,-1,,0.0,cb_intrinsic
153,524091,PLP249,PLP249_L,L,inter,gaba,-1.0,-1,,0.0,cb_intrinsic
154,11530,PLP249,PLP249_R,R,inter,gaba,-1.0,-1,,0.0,cb_intrinsic
155,11047,PS001,PS001_L,L,inter,gaba,-1.0,-1,,0.0,cb_intrinsic
156,13256,PS001,PS001_R,R,inter,gaba,-1.0,-1,,0.0,cb_intrinsic
157,15139,PS002,PS002_L,L,inter,gaba,-1.0,-1,,0.0,cb_intrinsic
158,522966,PS002,PS002_L,L,inter,gaba,-1.0,-1,,0.0,cb_intrinsic
159,14533,PS002,PS002_R,R,inter,gaba,-1.0,-1,,0.0,cb_intrinsic
160,14956,PS002,PS002_R,R,inter,gaba,-1.0,-1,,0.0,cb_intrinsic
161,522443,PS002,PS002_R,R,inter,gaba,-1.0,-1,,0.0,cb_intrinsic
162,30368,PS003,PS003(PS006)_L,L,inter,glutamate,-1.0,-1,,0.0,cb_intrinsic
163,523015,PS181,PS181_L,L,inter,acetylcholine,1.0,-1,,0.0,cb_intrinsic
164,13995,PS181,PS181_R,R,inter,acetylcholine,1.0,-1,,0.0,cb_intrinsic
165,15561,PS182,PS182_L,L,inter,acetylcholine,1.0,-1,,0.0,cb_intrinsic
166,15898,PS182,PS182_R,R,inter,acetylcholine,1.0,-1,,0.0,cb_intrinsic
167,63561,PS208,PS208_L,L,inter,acetylcholine,1.0,-1,,0.0,cb_intrinsic
168,527654,PS208,PS208_L,L,inter,acetylcholine,1.0,-1,,0.0,cb_intrinsic
169,26290,PS208,PS208_R,R,inter,acetylcholine,1.0,-1,,0.0,cb_intrinsic
170,44617,PS208,PS208_R,R,inter,acetylcholine,1.0,-1,,0.0,cb_intrinsic
171,10074,PVLP010,PVLP010_L,L,inter,glutamate,-1.0,-1,,0.0,cb_intrinsic
172,531985,PVLP010,PVLP010_R,R,inter,glutamate,-1.0,-1,,0.0,cb_intrinsic
173,16659,PVLP011,PVLP011_R,R,inter,gaba,-1.0,-1,,0.0,cb_intrinsic
174,522346,PVLP013,PVLP013_L,L,inter,acetylcholine,1.0,-1,,0.0,cb_intrinsic
175,11472,PVLP015,PVLP015_L,L,inter,glutamate,-1.0,-1,,0.0,cb_intrinsic
176,534040,PVLP015,PVLP015_R,R,inter,glutamate,-1.0,-1,,0.0,cb_intrinsic
177,11252,PVLP017,PVLP017_L,L,inter,gaba,-1.0,-1,,0.0,cb_intrinsic
178,11883,PVLP017,PVLP017_R,R,inter,gaba,-1.0,-1,,0.0,cb_intrinsic
179,15068,PVLP019,PVLP019_L,L,inter,gaba,-1.0,-1,,0.0,cb_intrinsic
180,12255,PVLP019,PVLP019_R,R,inter,gaba,-1.0,-1,,0.0,cb_intrinsic
181,65991,PVLP021,PVLP021_L,L,inter,gaba,-1.0,-1,,0.0,cb_intrinsic
182,526031,PVLP021,PVLP021_L,L,inter,gaba,-1.0,-1,,0.0,cb_intrinsic
183,13794,PVLP021,PVLP021_R,R,inter,gaba,-1.0,-1,,0.0,cb_intrinsic
184,15815,PVLP021,PVLP021_R,R,inter,gaba,-1.0,-1,,0.0,cb_intrinsic
185,11895,PVLP022,PVLP022_L,L,inter,gaba,-1.0,-1,,0.0,cb_intrinsic
186,527690,PVLP022,PVLP022_L,L,inter,gaba,-1.0,-1,,0.0,cb_intrinsic
187,530085,PVLP022,PVLP022_R,R,inter,gaba,-1.0,-1,,0.0,cb_intrinsic
188,16475,PVLP024,PVLP024_L,L,inter,gaba,-1.0,-1,,0.0,cb_intrinsic
189,16459,PVLP024,PVLP024_R,R,inter,gaba,-1.0,-1,,0.0,cb_intrinsic
190,19454,PVLP024,PVLP024_R,R,inter,gaba,-1.0,-1,,0.0,cb_intrinsic
191,511769,PVLP025,PVLP025_L,L,inter,gaba,-1.0,-1,,0.0,cb_intrinsic
192,517426,PVLP026,PVLP026_L,L,inter,gaba,-1.0,-1,,0.0,cb_intrinsic
193,15861,PVLP026,PVLP026_R,R,inter,gaba,-1.0,-1,,0.0,cb_intrinsic
194,516152,PVLP027,PVLP027_L,L,inter,gaba,-1.0,-1,,0.0,cb_intrinsic
195,10386,PVLP031,PVLP031_L,L,inter,gaba,-1.0,-1,,0.0,cb_intrinsic
196,11102,PVLP046,PVLP046_L,L,inter,gaba,-1.0,-1,,0.0,visual_centrifugal
197,20434,PVLP046,PVLP046_L,L,inter,gaba,-1.0,-1,,0.0,visual_centrifugal
198,25607,PVLP046,PVLP046_L,L,inter,gaba,-1.0,-1,,0.0,visual_centrifugal
199,17939,PVLP046,PVLP046_R,R,inter,gaba,-1.0,-1,,0.0,visual_centrifugal
200,18350,PVLP046,PVLP046_R,R,inter,gaba,-1.0,-1,,0.0,visual_centrifugal
201,22257,PVLP046,PVLP046_R,R,inter,gaba,-1.0,-1,,0.0,visual_centrifugal
202,27194,PVLP046,PVLP046_R,R,inter,gaba,-1.0,-1,,0.0,visual_centrifugal
203,40842,PVLP066,PVLP066_L,L,inter,acetylcholine,1.0,-1,,0.0,cb_intrinsic
204,34246,PVLP066,PVLP066_R,R,inter,acetylcholine,1.0,-1,,0.0,cb_intrinsic
205,19658,PVLP074,PVLP074_L,L,inter,acetylcholine,1.0,-1,,0.0,cb_intrinsic
206,23112,PVLP074,PVLP074_R,R,inter,acetylcholine,1.0,-1,,0.0,cb_intrinsic
207,555383,PVLP076,PVLP076_L,L,inter,acetylcholine,1.0,-1,,0.0,cb_intrinsic
208,10867,PVLP076,PVLP076_R,R,inter,acetylcholine,1.0,-1,,0.0,cb_intrinsic
209,12344,PVLP094,PVLP094_L,L,inter,gaba,-1.0,-1,,0.0,cb_intrinsic
210,15052,PVLP100,PVLP100_L,L,inter,gaba,-1.0,-1,,0.0,cb_intrinsic
211,15545,PVLP100,PVLP100_R,R,inter,gaba,-1.0,-1,,0.0,cb_intrinsic
212,18648,PVLP100,PVLP100_R,R,inter,gaba,-1.0,-1,,0.0,cb_intrinsic
213,10609,PVLP120,PVLP120(hb1599285725)_L,L,inter,acetylcholine,1.0,-1,,0.0,cb_intrinsic
214,10992,PVLP122,PVLP122_L,L,inter,acetylcholine,1.0,-1,,0.0,cb_intrinsic
215,11927,PVLP122,PVLP122_L,L,inter,acetylcholine,1.0,-1,,0.0,cb_intrinsic
216,521693,PVLP122,PVLP122_L,L,inter,acetylcholine,1.0,-1,,0.0,cb_intrinsic
217,12184,PVLP122,PVLP122_R,R,inter,acetylcholine,1.0,-1,,0.0,cb_intrinsic
218,12215,PVLP122,PVLP122_R,R,inter,acetylcholine,1.0,-1,,0.0,cb_intrinsic
219,523921,PVLP122,PVLP122_R,R,inter,acetylcholine,1.0,-1,,0.0,cb_intrinsic
220,16482,PVLP123,PVLP123_L,L,inter,acetylcholine,1.0,-1,,0.0,cb_intrinsic
221,18907,PVLP123,PVLP123_L,L,inter,acetylcholine,1.0,-1,,0.0,cb_intrinsic
222,514481,PVLP123,PVLP123_L,L,inter,acetylcholine,1.0,-1,,0.0,cb_intrinsic
223,15414,PVLP123,PVLP123_R,R,inter,acetylcholine,1.0,-1,,0.0,cb_intrinsic
224,16445,PVLP123,PVLP123_R,R,inter,acetylcholine,1.0,-1,,0.0,cb_intrinsic
225,17616,PVLP123,PVLP123_R,R,inter,acetylcholine,1.0,-1,,0.0,cb_intrinsic
226,524753,PVLP124,PVLP124_L,L,inter,acetylcholine,1.0,-1,,0.0,cb_intrinsic
227,24411,PVLP124,PVLP124_R,R,inter,acetylcholine,1.0,-1,,0.0,cb_intrinsic
228,101221,PVLP128,PVLP128_L,L,inter,acetylcholine,1.0,-1,,0.0,cb_intrinsic
229,123513,PVLP128,PVLP128_L,L,inter,acetylcholine,1.0,-1,,0.0,cb_intrinsic
230,28698,PVLP128,PVLP128_R,R,inter,acetylcholine,1.0,-1,,0.0,cb_intrinsic
231,29887,PVLP128,PVLP128_R,R,inter,acetylcholine,1.0,-1,,0.0,cb_intrinsic
232,10145,PVLP130,PVLP130_L,L,inter,gaba,-1.0,-1,,0.0,cb_intrinsic
233,13122,PVLP130,PVLP130_R,R,inter,gaba,-1.0,-1,,0.0,cb_intrinsic
234,10173,PVLP151,PVLP151_L,L,inter,acetylcholine,1.0,-1,,0.0,cb_intrinsic
235,12275,PVLP151,PVLP151_L,L,inter,acetylcholine,1.0,-1,,0.0,cb_intrinsic
236,11677,PVLP151,PVLP151_R,R,inter,acetylcholine,1.0,-1,,0.0,cb_intrinsic
237,11826,PVLP151,PVLP151_R,R,inter,acetylcholine,1.0,-1,,0.0,cb_intrinsic
238,30194,SAD013,SAD013_L,L,inter,gaba,-1.0,-1,,0.0,cb_intrinsic
239,11397,SAD013,SAD013_R,R,inter,gaba,-1.0,-1,,0.0,cb_intrinsic
240,550384,SAD014,SAD014_R,R,inter,gaba,-1.0,-1,,0.0,cb_intrinsic
241,522711,SAD023,SAD023_L,L,inter,gaba,-1.0,-1,,0.0,cb_intrinsic
242,524162,SAD023,SAD023_L,L,inter,gaba,-1.0,-1,,0.0,cb_intrinsic
243,556817,SAD023,SAD023_L,L,inter,gaba,-1.0,-1,,0.0,cb_intrinsic
244,29859,SAD023,SAD023_R,R,inter,gaba,-1.0,-1,,0.0,cb_intrinsic
245,31784,SAD023,SAD023_R,R,inter,gaba,-1.0,-1,,0.0,cb_intrinsic
246,36717,SAD023,SAD023_R,R,inter,gaba,-1.0,-1,,0.0,cb_intrinsic
247,513904,SAD049,SAD049_L,L,inter,acetylcholine,1.0,-1,,0.0,cb_intrinsic
248,33474,SAD049,SAD049_R,R,inter,acetylcholine,1.0,-1,,0.0,cb_intrinsic
249,12237,SAD055,SAD055_L,L,inter,acetylcholine,1.0,-1,,0.0,cb_intrinsic
250,12242,SAD055,SAD055_R,R,inter,acetylcholine,1.0,-1,,0.0,cb_intrinsic
251,15791,SAD064,SAD064_L,L,inter,acetylcholine,1.0,-1,,0.0,cb_intrinsic
252,17375,SAD064,SAD064_L,L,inter,acetylcholine,1.0,-1,,0.0,cb_intrinsic
253,25438,SAD064,SAD064_L,L,inter,acetylcholine,1.0,-1,,0.0,cb_intrinsic
254,13114,SAD064,SAD064_R,R,inter,acetylcholine,1.0,-1,,0.0,cb_intrinsic
255,15665,SAD064,SAD064_R,R,inter,acetylcholine,1.0,-1,,0.0,cb_intrinsic
256,527699,SAD064,SAD064_R,R,inter,acetylcholine,1.0,-1,,0.0,cb_intrinsic
257,11205,SAD073,SAD073_L,L,inter,gaba,-1.0,-1,,0.0,cb_intrinsic
258,13274,SAD073,SAD073_L,L,inter,gaba,-1.0,-1,,0.0,cb_intrinsic
259,10315,SAD073,SAD073_R,R,inter,gaba,-1.0,-1,,0.0,cb_intrinsic
260,14861,WED060,WED060_R,R,inter,acetylcholine,1.0,-1,,0.0,cb_intrinsic
261,12459,WED109,WED109_L,L,inter,acetylcholine,1.0,-1,,0.0,cb_intrinsic
262,10728,WED116,WED116_L,L,inter,acetylcholine,1.0,-1,,0.0,cb_intrinsic
263,18340,WED125,WED125_L,L,inter,acetylcholine,1.0,-1,,0.0,cb_intrinsic
264,19187,WED125,WED125_L,L,inter,acetylcholine,1.0,-1,,0.0,cb_intrinsic
265,17908,WED125,WED125_R,R,inter,acetylcholine,1.0,-1,,0.0,cb_intrinsic
266,10030,pIP1,pIP1_L,L,inter,acetylcholine,1.0,-1,,0.0,descending_neuron
267,10038,pIP1,pIP1_R,R,inter,acetylcholine,1.0,-1,,0.0,descending_neuron
268,15597,,,L,inter,acetylcholine,1.0,-1,,0.0,cb_intrinsic
269,17556,,,L,inter,acetylcholine,1.0,-1,,0.0,cb_intrinsic
270,22584,,,L,inter,acetylcholine,1.0,-1,,0.0,cb_intrinsic
271,17284,,,R,inter,acetylcholine,1.0,-1,,0.0,cb_intrinsic
272,21641,,,R,inter,acetylcholine,1.0,-1,,0.0,cb_intrinsic
273,34740,,,R,inter,acetylcholine,1.0,-1,,0.0,cb_intrinsic
274,12032,LC4,LC4_L,L,vpn,acetylcholine,1.0,0,expansion,1.0,visual_projection
275,12349,LC4,LC4_L,L,vpn,acetylcholine,1.0,1,expansion,1.0,visual_projection
276,12824,LC4,LC4_L,L,vpn,acetylcholine,1.0,2,expansion,1.0,visual_projection
277,14888,LC4,LC4_L,L,vpn,acetylcholine,1.0,3,expansion,1.0,visual_projection
278,15018,LC4,LC4_L,L,vpn,acetylcholine,1.0,0,expansion,1.0,visual_projection
279,16809,LC4,LC4_L,L,vpn,acetylcholine,1.0,1,expansion,1.0,visual_projection
280,16917,LC4,LC4_L,L,vpn,acetylcholine,1.0,2,expansion,1.0,visual_projection
281,17270,LC4,LC4_L,L,vpn,acetylcholine,1.0,3,expansion,1.0,visual_projection
282,17340,LC4,LC4_L,L,vpn,acetylcholine,1.0,0,expansion,1.0,visual_projection
283,17478,LC4,LC4_L,L,vpn,acetylcholine,1.0,1,expansion,1.0,visual_projection
284,17608,LC4,LC4_L,L,vpn,acetylcholine,1.0,2,expansion,1.0,visual_projection
285,17653,LC4,LC4_L,L,vpn,acetylcholine,1.0,3,expansion,1.0,visual_projection
286,18396,LC4,LC4_L,L,vpn,acetylcholine,1.0,0,expansion,1.0,visual_projection
287,18432,LC4,LC4_L,L,vpn,acetylcholine,1.0,1,expansion,1.0,visual_projection
288,18478,LC4,LC4_L,L,vpn,acetylcholine,1.0,2,expansion,1.0,visual_projection
289,20440,LC4,LC4_L,L,vpn,acetylcholine,1.0,3,expansion,1.0,visual_projection
290,20572,LC4,LC4_L,L,vpn,acetylcholine,1.0,0,expansion,1.0,visual_projection
291,20859,LC4,LC4_L,L,vpn,acetylcholine,1.0,1,expansion,1.0,visual_projection
292,20967,LC4,LC4_L,L,vpn,acetylcholine,1.0,2,expansion,1.0,visual_projection
293,20976,LC4,LC4_L,L,vpn,acetylcholine,1.0,3,expansion,1.0,visual_projection
294,21721,LC4,LC4_L,L,vpn,acetylcholine,1.0,0,expansion,1.0,visual_projection
295,22772,LC4,LC4_L,L,vpn,acetylcholine,1.0,1,expansion,1.0,visual_projection
296,22922,LC4,LC4_L,L,vpn,acetylcholine,1.0,2,expansion,1.0,visual_projection
297,23202,LC4,LC4_L,L,vpn,acetylcholine,1.0,3,expansion,1.0,visual_projection
298,23226,LC4,LC4_L,L,vpn,acetylcholine,1.0,0,expansion,1.0,visual_projection
299,24523,LC4,LC4_L,L,vpn,acetylcholine,1.0,1,expansion,1.0,visual_projection
300,27624,LC4,LC4_L,L,vpn,acetylcholine,1.0,2,expansion,1.0,visual_projection
301,27750,LC4,LC4_L,L,vpn,acetylcholine,1.0,3,expansion,1.0,visual_projection
302,27829,LC4,LC4_L,L,vpn,acetylcholine,1.0,0,expansion,1.0,visual_projection
303,28980,LC4,LC4_L,L,vpn,acetylcholine,1.0,1,expansion,1.0,visual_projection
304,29417,LC4,LC4_L,L,vpn,acetylcholine,1.0,2,expansion,1.0,visual_projection
305,29469,LC4,LC4_L,L,vpn,acetylcholine,1.0,3,expansion,1.0,visual_projection
306,29514,LC4,LC4_L,L,vpn,acetylcholine,1.0,0,expansion,1.0,visual_projection
307,30087,LC4,LC4_L,L,vpn,acetylcholine,1.0,1,expansion,1.0,visual_projection
308,31301,LC4,LC4_L,L,vpn,acetylcholine,1.0,2,expansion,1.0,visual_projection
309,31308,LC4,LC4_L,L,vpn,acetylcholine,1.0,3,expansion,1.0,visual_projection
310,31429,LC4,LC4_L,L,vpn,acetylcholine,1.0,0,expansion,1.0,visual_projection
311,32597,LC4,LC4_L,L,vpn,acetylcholine,1.0,1,expansion,1.0,visual_projection
312,33137,LC4,LC4_L,L,vpn,acetylcholine,1.0,2,expansion,1.0,visual_projection
313,34845,LC4,LC4_L,L,vpn,acetylcholine,1.0,3,expansion,1.0,visual_projection
314,35262,LC4,LC4_L,L,vpn,acetylcholine,1.0,0,expansion,1.0,visual_projection
315,35616,LC4,LC4_L,L,vpn,acetylcholine,1.0,1,expansion,1.0,visual_projection
316,37587,LC4,LC4_L,L,vpn,acetylcholine,1.0,2,expansion,1.0,visual_projection
317,77614,LC4,LC4_L,L,vpn,acetylcholine,1.0,3,expansion,1.0,visual_projection
318,81112,LC4,LC4_L,L,vpn,acetylcholine,1.0,0,expansion,1.0,visual_projection
319,100485,LC4,LC4_L,L,vpn,acetylcholine,1.0,1,expansion,1.0,visual_projection
320,107513,LC4,LC4_L,L,vpn,acetylcholine,1.0,2,expansion,1.0,visual_projection
321,111787,LC4,LC4_L,L,vpn,acetylcholine,1.0,3,expansion,1.0,visual_projection
322,511914,LC4,LC4_L,L,vpn,acetylcholine,1.0,0,expansion,1.0,visual_projection
323,512366,LC4,LC4_L,L,vpn,acetylcholine,1.0,1,expansion,1.0,visual_projection
324,512705,LC4,LC4_L,L,vpn,acetylcholine,1.0,2,expansion,1.0,visual_projection
325,514508,LC4,LC4_L,L,vpn,acetylcholine,1.0,3,expansion,1.0,visual_projection
326,514956,LC4,LC4_L,L,vpn,acetylcholine,1.0,0,expansion,1.0,visual_projection
327,515476,LC4,LC4_L,L,vpn,acetylcholine,1.0,1,expansion,1.0,visual_projection
328,515900,LC4,LC4_L,L,vpn,acetylcholine,1.0,2,expansion,1.0,visual_projection
329,516909,LC4,LC4_L,L,vpn,acetylcholine,1.0,3,expansion,1.0,visual_projection
330,517752,LC4,LC4_L,L,vpn,acetylcholine,1.0,0,expansion,1.0,visual_projection
331,518016,LC4,LC4_L,L,vpn,acetylcholine,1.0,1,expansion,1.0,visual_projection
332,518439,LC4,LC4_L,L,vpn,acetylcholine,1.0,2,expansion,1.0,visual_projection
333,518544,LC4,LC4_L,L,vpn,acetylcholine,1.0,3,expansion,1.0,visual_projection
334,518730,LC4,LC4_L,L,vpn,acetylcholine,1.0,0,expansion,1.0,visual_projection
335,518983,LC4,LC4_L,L,vpn,acetylcholine,1.0,1,expansion,1.0,visual_projection
336,519650,LC4,LC4_L,L,vpn,acetylcholine,1.0,2,expansion,1.0,visual_projection
337,519931,LC4,LC4_L,L,vpn,acetylcholine,1.0,3,expansion,1.0,visual_projection
338,520449,LC4,LC4_L,L,vpn,acetylcholine,1.0,0,expansion,1.0,visual_projection
339,524899,LC4,LC4_L,L,vpn,acetylcholine,1.0,1,expansion,1.0,visual_projection
340,526286,LC4,LC4_L,L,vpn,acetylcholine,1.0,2,expansion,1.0,visual_projection
341,530029,LC4,LC4_L,L,vpn,acetylcholine,1.0,3,expansion,1.0,visual_projection
342,532254,LC4,LC4_L,L,vpn,acetylcholine,1.0,0,expansion,1.0,visual_projection
343,533129,LC4,LC4_L,L,vpn,acetylcholine,1.0,1,expansion,1.0,visual_projection
344,535341,LC4,LC4_L,L,vpn,acetylcholine,1.0,2,expansion,1.0,visual_projection
345,16128,LC4,LC4_R,R,vpn,acetylcholine,1.0,0,expansion,1.0,visual_projection
346,16138,LC4,LC4_R,R,vpn,acetylcholine,1.0,7,expansion,1.0,visual_projection
347,16628,LC4,LC4_R,R,vpn,acetylcholine,1.0,6,expansion,1.0,visual_projection
348,17054,LC4,LC4_R,R,vpn,acetylcholine,1.0,5,expansion,1.0,visual_projection
349,17266,LC4,LC4_R,R,vpn,acetylcholine,1.0,0,expansion,1.0,visual_projection
350,17364,LC4,LC4_R,R,vpn,acetylcholine,1.0,7,expansion,1.0,visual_projection
351,17548,LC4,LC4_R,R,vpn,acetylcholine,1.0,6,expansion,1.0,visual_projection
352,17668,LC4,LC4_R,R,vpn,acetylcholine,1.0,5,expansion,1.0,visual_projection
353,17860,LC4,LC4_R,R,vpn,acetylcholine,1.0,0,expansion,1.0,visual_projection
354,17926,LC4,LC4_R,R,vpn,acetylcholine,1.0,7,expansion,1.0,visual_projection
355,17987,LC4,LC4_R,R,vpn,acetylcholine,1.0,6,expansion,1.0,visual_projection
356,18127,LC4,LC4_R,R,vpn,acetylcholine,1.0,5,expansion,1.0,visual_projection
357,18189,LC4,LC4_R,R,vpn,acetylcholine,1.0,0,expansion,1.0,visual_projection
358,19260,LC4,LC4_R,R,vpn,acetylcholine,1.0,7,expansion,1.0,visual_projection
359,19420,LC4,LC4_R,R,vpn,acetylcholine,1.0,6,expansion,1.0,visual_projection
360,19543,LC4,LC4_R,R,vpn,acetylcholine,1.0,5,expansion,1.0,visual_projection
361,19550,LC4,LC4_R,R,vpn,acetylcholine,1.0,0,expansion,1.0,visual_projection
362,19634,LC4,LC4_R,R,vpn,acetylcholine,1.0,7,expansion,1.0,visual_projection
363,19794,LC4,LC4_R,R,vpn,acetylcholine,1.0,6,expansion,1.0,visual_projection
364,19954,LC4,LC4_R,R,vpn,acetylcholine,1.0,5,expansion,1.0,visual_projection
365,20016,LC4,LC4_R,R,vpn,acetylcholine,1.0,0,expansion,1.0,visual_projection
366,20282,LC4,LC4_R,R,vpn,acetylcholine,1.0,7,expansion,1.0,visual_projection
367,20399,LC4,LC4_R,R,vpn,acetylcholine,1.0,6,expansion,1.0,visual_projection
368,20542,LC4,LC4_R,R,vpn,acetylcholine,1.0,5,expansion,1.0,visual_projection
369,20588,LC4,LC4_R,R,vpn,acetylcholine,1.0,0,expansion,1.0,visual_projection
370,20673,LC4,LC4_R,R,vpn,acetylcholine,1.0,7,expansion,1.0,visual_projection
371,20808,LC4,LC4_R,R,vpn,acetylcholine,1.0,6,expansion,1.0,visual_projection
372,20917,LC4,LC4_R,R,vpn,acetylcholine,1.0,5,expansion,1.0,visual_projection
373,21151,LC4,LC4_R,R,vpn,acetylcholine,1.0,0,expansion,1.0,visual_projection
374,21165,LC4,LC4_R,R,vpn,acetylcholine,1.0,7,expansion,1.0,visual_projection
375,21225,LC4,LC4_R,R,vpn,acetylcholine,1.0,6,expansion,1.0,visual_projection
376,21287,LC4,LC4_R,R,vpn,acetylcholine,1.0,5,expansion,1.0,visual_projection
377,21313,LC4,LC4_R,R,vpn,acetylcholine,1.0,0,expansion,1.0,visual_projection
378,21336,LC4,LC4_R,R,vpn,acetylcholine,1.0,7,expansion,1.0,visual_projection
379,21804,LC4,LC4_R,R,vpn,acetylcholine,1.0,6,expansion,1.0,visual_projection
380,22034,LC4,LC4_R,R,vpn,acetylcholine,1.0,5,expansion,1.0,visual_projection
381,22194,LC4,LC4_R,R,vpn,acetylcholine,1.0,0,expansion,1.0,visual_projection
382,22328,LC4,LC4_R,R,vpn,acetylcholine,1.0,7,expansion,1.0,visual_projection
383,22847,LC4,LC4_R,R,vpn,acetylcholine,1.0,6,expansion,1.0,visual_projection
384,22966,LC4,LC4_R,R,vpn,acetylcholine,1.0,5,expansion,1.0,visual_projection
385,22975,LC4,LC4_R,R,vpn,acetylcholine,1.0,0,expansion,1.0,visual_projection
386,23098,LC4,LC4_R,R,vpn,acetylcholine,1.0,7,expansion,1.0,visual_projection
387,23392,LC4,LC4_R,R,vpn,acetylcholine,1.0,6,expansion,1.0,visual_projection
388,23792,LC4,LC4_R,R,vpn,acetylcholine,1.0,5,expansion,1.0,visual_projection
389,23929,LC4,LC4_R,R,vpn,acetylcholine,1.0,0,expansion,1.0,visual_projection
390,24338,LC4,LC4_R,R,vpn,acetylcholine,1.0,7,expansion,1.0,visual_projection
391,25584,LC4,LC4_R,R,vpn,acetylcholine,1.0,6,expansion,1.0,visual_projection
392,26112,LC4,LC4_R,R,vpn,acetylcholine,1.0,5,expansion,1.0,visual_projection
393,28945,LC4,LC4_R,R,vpn,acetylcholine,1.0,0,expansion,1.0,visual_projection
394,29563,LC4,LC4_R,R,vpn,acetylcholine,1.0,7,expansion,1.0,visual_projection
395,30480,LC4,LC4_R,R,vpn,acetylcholine,1.0,6,expansion,1.0,visual_projection
396,30803,LC4,LC4_R,R,vpn,acetylcholine,1.0,5,expansion,1.0,visual_projection
397,31262,LC4,LC4_R,R,vpn,acetylcholine,1.0,0,expansion,1.0,visual_projection
398,38065,LC4,LC4_R,R,vpn,acetylcholine,1.0,7,expansion,1.0,visual_projection
399,527408,LC4,LC4_R,R,vpn,acetylcholine,1.0,6,expansion,1.0,visual_projection
400,12052,LPLC1,LPLC1_L,L,vpn,acetylcholine,1.0,0,expansion,0.5,visual_projection
401,12114,LPLC1,LPLC1_L,L,vpn,acetylcholine,1.0,1,expansion,0.5,visual_projection
402,12397,LPLC1,LPLC1_L,L,vpn,acetylcholine,1.0,2,expansion,0.5,visual_projection
403,12661,LPLC1,LPLC1_L,L,vpn,acetylcholine,1.0,3,expansion,0.5,visual_projection
404,13086,LPLC1,LPLC1_L,L,vpn,acetylcholine,1.0,0,expansion,0.5,visual_projection
405,13110,LPLC1,LPLC1_L,L,vpn,acetylcholine,1.0,1,expansion,0.5,visual_projection
406,13180,LPLC1,LPLC1_L,L,vpn,acetylcholine,1.0,2,expansion,0.5,visual_projection
407,14535,LPLC1,LPLC1_L,L,vpn,acetylcholine,1.0,3,expansion,0.5,visual_projection
408,14689,LPLC1,LPLC1_L,L,vpn,acetylcholine,1.0,0,expansion,0.5,visual_projection
409,14731,LPLC1,LPLC1_L,L,vpn,acetylcholine,1.0,1,expansion,0.5,visual_projection
410,15049,LPLC1,LPLC1_L,L,vpn,acetylcholine,1.0,2,expansion,0.5,visual_projection
411,15058,LPLC1,LPLC1_L,L,vpn,acetylcholine,1.0,3,expansion,0.5,visual_projection
412,15253,LPLC1,LPLC1_L,L,vpn,acetylcholine,1.0,0,expansion,0.5,visual_projection
413,15893,LPLC1,LPLC1_L,L,vpn,acetylcholine,1.0,1,expansion,0.5,visual_projection
414,16377,LPLC1,LPLC1_L,L,vpn,acetylcholine,1.0,2,expansion,0.5,visual_projection
415,16768,LPLC1,LPLC1_L,L,vpn,acetylcholine,1.0,3,expansion,0.5,visual_projection
416,17734,LPLC1,LPLC1_L,L,vpn,acetylcholine,1.0,0,expansion,0.5,visual_projection
417,17857,LPLC1,LPLC1_L,L,vpn,acetylcholine,1.0,1,expansion,0.5,visual_projection
418,18477,LPLC1,LPLC1_L,L,vpn,acetylcholine,1.0,2,expansion,0.5,visual_projection
419,18506,LPLC1,LPLC1_L,L,vpn,acetylcholine,1.0,3,expansion,0.5,visual_projection
420,19578,LPLC1,LPLC1_L,L,vpn,acetylcholine,1.0,0,expansion,0.5,visual_projection
421,19855,LPLC1,LPLC1_L,L,vpn,acetylcholine,1.0,1,expansion,0.5,visual_projection
422,20074,LPLC1,LPLC1_L,L,vpn,acetylcholine,1.0,2,expansion,0.5,visual_projection
423,20292,LPLC1,LPLC1_L,L,vpn,acetylcholine,1.0,3,expansion,0.5,visual_projection
424,20758,LPLC1,LPLC1_L,L,vpn,acetylcholine,1.0,0,expansion,0.5,visual_projection
425,21003,LPLC1,LPLC1_L,L,vpn,acetylcholine,1.0,1,expansion,0.5,visual_projection
426,21282,LPLC1,LPLC1_L,L,vpn,acetylcholine,1.0,2,expansion,0.5,visual_projection
427,21684,LPLC1,LPLC1_L,L,vpn,acetylcholine,1.0,3,expansion,0.5,visual_projection
428,21967,LPLC1,LPLC1_L,L,vpn,acetylcholine,1.0,0,expansion,0.5,visual_projection
429,22260,LPLC1,LPLC1_L,L,vpn,acetylcholine,1.0,1,expansion,0.5,visual_projection
430,22329,LPLC1,LPLC1_L,L,vpn,acetylcholine,1.0,2,expansion,0.5,visual_projection
431,22867,LPLC1,LPLC1_L,L,vpn,acetylcholine,1.0,3,expansion,0.5,visual_projection
432,24791,LPLC1,LPLC1_L,L,vpn,acetylcholine,1.0,0,expansion,0.5,visual_projection
433,24794,LPLC1,LPLC1_L,L,vpn,acetylcholine,1.0,1,expansion,0.5,visual_projection
434,24820,LPLC1,LPLC1_L,L,vpn,acetylcholine,1.0,2,expansion,0.5,visual_projection
435,25031,LPLC1,LPLC1_L,L,vpn,acetylcholine,1.0,3,expansion,0.5,visual_projection
436,25260,LPLC1,LPLC1_L,L,vpn,acetylcholine,1.0,0,expansion,0.5,visual_projection
437,25435,LPLC1,LPLC1_L,L,vpn,acetylcholine,1.0,1,expansion,0.5,visual_projection
438,25679,LPLC1,LPLC1_L,L,vpn,acetylcholine,1.0,2,expansion,0.5,visual_projection
439,26656,LPLC1,LPLC1_L,L,vpn,acetylcholine,1.0,3,expansion,0.5,visual_projection
440,28080,LPLC1,LPLC1_L,L,vpn,acetylcholine,1.0,0,expansion,0.5,visual_projection
441,28239,LPLC1,LPLC1_L,L,vpn,acetylcholine,1.0,1,expansion,0.5,visual_projection
442,28656,LPLC1,LPLC1_L,L,vpn,acetylcholine,1.0,2,expansion,0.5,visual_projection
443,29383,LPLC1,LPLC1_L,L,vpn,acetylcholine,1.0,3,expansion,0.5,visual_projection
444,29435,LPLC1,LPLC1_L,L,vpn,acetylcholine,1.0,0,expansion,0.5,visual_projection
445,30286,LPLC1,LPLC1_L,L,vpn,acetylcholine,1.0,1,expansion,0.5,visual_projection
446,30877,LPLC1,LPLC1_L,L,vpn,acetylcholine,1.0,2,expansion,0.5,visual_projection
447,31661,LPLC1,LPLC1_L,L,vpn,acetylcholine,1.0,3,expansion,0.5,visual_projection
448,32290,LPLC1,LPLC1_L,L,vpn,acetylcholine,1.0,0,expansion,0.5,visual_projection
449,33599,LPLC1,LPLC1_L,L,vpn,acetylcholine,1.0,1,expansion,0.5,visual_projection
450,33910,LPLC1,LPLC1_L,L,vpn,acetylcholine,1.0,2,expansion,0.5,visual_projection
451,82816,LPLC1,LPLC1_L,L,vpn,acetylcholine,1.0,3,expansion,0.5,visual_projection
452,115313,LPLC1,LPLC1_L,L,vpn,acetylcholine,1.0,0,expansion,0.5,visual_projection
453,116613,LPLC1,LPLC1_L,L,vpn,acetylcholine,1.0,1,expansion,0.5,visual_projection
454,117237,LPLC1,LPLC1_L,L,vpn,acetylcholine,1.0,2,expansion,0.5,visual_projection
455,125927,LPLC1,LPLC1_L,L,vpn,acetylcholine,1.0,3,expansion,0.5,visual_projection
456,512087,LPLC1,LPLC1_L,L,vpn,acetylcholine,1.0,0,expansion,0.5,visual_projection
457,514191,LPLC1,LPLC1_L,L,vpn,acetylcholine,1.0,1,expansion,0.5,visual_projection
458,514792,LPLC1,LPLC1_L,L,vpn,acetylcholine,1.0,2,expansion,0.5,visual_projection
459,514846,LPLC1,LPLC1_L,L,vpn,acetylcholine,1.0,3,expansion,0.5,visual_projection
460,517600,LPLC1,LPLC1_L,L,vpn,acetylcholine,1.0,0,expansion,0.5,visual_projection
461,518794,LPLC1,LPLC1_L,L,vpn,acetylcholine,1.0,1,expansion,0.5,visual_projection
462,519153,LPLC1,LPLC1_L,L,vpn,acetylcholine,1.0,2,expansion,0.5,visual_projection
463,520078,LPLC1,LPLC1_L,L,vpn,acetylcholine,1.0,3,expansion,0.5,visual_projection
464,526999,LPLC1,LPLC1_L,L,vpn,acetylcholine,1.0,0,expansion,0.5,visual_projection
465,534743,LPLC1,LPLC1_L,L,vpn,acetylcholine,1.0,1,expansion,0.5,visual_projection
466,536395,LPLC1,LPLC1_L,L,vpn,acetylcholine,1.0,2,expansion,0.5,visual_projection
467,555734,LPLC1,LPLC1_L,L,vpn,acetylcholine,1.0,3,expansion,0.5,visual_projection
468,18710,LPLC1,LPLC1_R,R,vpn,acetylcholine,1.0,0,expansion,0.5,visual_projection
469,18742,LPLC1,LPLC1_R,R,vpn,acetylcholine,1.0,7,expansion,0.5,visual_projection
470,19114,LPLC1,LPLC1_R,R,vpn,acetylcholine,1.0,6,expansion,0.5,visual_projection
471,19210,LPLC1,LPLC1_R,R,vpn,acetylcholine,1.0,5,expansion,0.5,visual_projection
472,19403,LPLC1,LPLC1_R,R,vpn,acetylcholine,1.0,0,expansion,0.5,visual_projection
473,19653,LPLC1,LPLC1_R,R,vpn,acetylcholine,1.0,7,expansion,0.5,visual_projection
474,19685,LPLC1,LPLC1_R,R,vpn,acetylcholine,1.0,6,expansion,0.5,visual_projection
475,20031,LPLC1,LPLC1_R,R,vpn,acetylcholine,1.0,5,expansion,0.5,visual_projection
476,20036,LPLC1,LPLC1_R,R,vpn,acetylcholine,1.0,0,expansion,0.5,visual_projection
477,20083,LPLC1,LPLC1_R,R,vpn,acetylcholine,1.0,7,expansion,0.5,visual_projection
478,20508,LPLC1,LPLC1_R,R,vpn,acetylcholine,1.0,6,expansion,0.5,visual_projection
479,20783,LPLC1,LPLC1_R,R,vpn,acetylcholine,1.0,5,expansion,0.5,visual_projection
480,20865,LPLC1,LPLC1_R,R,vpn,acetylcholine,1.0,0,expansion,0.5,visual_projection
481,21023,LPLC1,LPLC1_R,R,vpn,acetylcholine,1.0,7,expansion,0.5,visual_projection
482,21074,LPLC1,LPLC1_R,R,vpn,acetylcholine,1.0,6,expansion,0.5,visual_projection
483,21180,LPLC1,LPLC1_R,R,vpn,acetylcholine,1.0,5,expansion,0.5,visual_projection
484,21220,LPLC1,LPLC1_R,R,vpn,acetylcholine,1.0,0,expansion,0.5,visual_projection
485,21240,LPLC1,LPLC1_R,R,vpn,acetylcholine,1.0,7,expansion,0.5,visual_projection
486,21540,LPLC1,LPLC1_R,R,vpn,acetylcholine,1.0,6,expansion,0.5,visual_projection
487,21677,LPLC1,LPLC1_R,R,vpn,acetylcholine,1.0,5,expansion,0.5,visual_projection
488,21722,LPLC1,LPLC1_R,R,vpn,acetylcholine,1.0,0,expansion,0.5,visual_projection
489,21850,LPLC1,LPLC1_R,R,vpn,acetylcholine,1.0,7,expansion,0.5,visual_projection
490,22274,LPLC1,LPLC1_R,R,vpn,acetylcholine,1.0,6,expansion,0.5,visual_projection
491,22324,LPLC1,LPLC1_R,R,vpn,acetylcholine,1.0,5,expansion,0.5,visual_projection
492,22447,LPLC1,LPLC1_R,R,vpn,acetylcholine,1.0,0,expansion,0.5,visual_projection
493,22449,LPLC1,LPLC1_R,R,vpn,acetylcholine,1.0,7,expansion,0.5,visual_projection
494,22790,LPLC1,LPLC1_R,R,vpn,acetylcholine,1.0,6,expansion,0.5,visual_projection
495,22911,LPLC1,LPLC1_R,R,vpn,acetylcholine,1.0,5,expansion,0.5,visual_projection
496,23030,LPLC1,LPLC1_R,R,vpn,acetylcholine,1.0,0,expansion,0.5,visual_projection
497,23116,LPLC1,LPLC1_R,R,vpn,acetylcholine,1.0,7,expansion,0.5,visual_projection
498,23333,LPLC1,LPLC1_R,R,vpn,acetylcholine,1.0,6,expansion,0.5,visual_projection
499,23751,LPLC1,LPLC1_R,R,vpn,acetylcholine,1.0,5,expansion,0.5,visual_projection
500,23906,LPLC1,LPLC1_R,R,vpn,acetylcholine,1.0,0,expansion,0.5,visual_projection
501,23938,LPLC1,LPLC1_R,R,vpn,acetylcholine,1.0,7,expansion,0.5,visual_projection
502,23941,LPLC1,LPLC1_R,R,vpn,acetylcholine,1.0,6,expansion,0.5,visual_projection
503,24177,LPLC1,LPLC1_R,R,vpn,acetylcholine,1.0,5,expansion,0.5,visual_projection
504,24222,LPLC1,LPLC1_R,R,vpn,acetylcholine,1.0,0,expansion,0.5,visual_projection
505,24508,LPLC1,LPLC1_R,R,vpn,acetylcholine,1.0,7,expansion,0.5,visual_projection
506,24802,LPLC1,LPLC1_R,R,vpn,acetylcholine,1.0,6,expansion,0.5,visual_projection
507,24920,LPLC1,LPLC1_R,R,vpn,acetylcholine,1.0,5,expansion,0.5,visual_projection
508,25169,LPLC1,LPLC1_R,R,vpn,acetylcholine,1.0,0,expansion,0.5,visual_projection
509,25178,LPLC1,LPLC1_R,R,vpn,acetylcholine,1.0,7,expansion,0.5,visual_projection
510,25386,LPLC1,LPLC1_R,R,vpn,acetylcholine,1.0,6,expansion,0.5,visual_projection
511,25624,LPLC1,LPLC1_R,R,vpn,acetylcholine,1.0,5,expansion,0.5,visual_projection
512,25870,LPLC1,LPLC1_R,R,vpn,acetylcholine,1.0,0,expansion,0.5,visual_projection
513,26033,LPLC1,LPLC1_R,R,vpn,acetylcholine,1.0,7,expansion,0.5,visual_projection
514,26333,LPLC1,LPLC1_R,R,vpn,acetylcholine,1.0,6,expansion,0.5,visual_projection
515,26365,LPLC1,LPLC1_R,R,vpn,acetylcholine,1.0,5,expansion,0.5,visual_projection
516,26880,LPLC1,LPLC1_R,R,vpn,acetylcholine,1.0,0,expansion,0.5,visual_projection
517,28033,LPLC1,LPLC1_R,R,vpn,acetylcholine,1.0,7,expansion,0.5,visual_projection
518,28249,LPLC1,LPLC1_R,R,vpn,acetylcholine,1.0,6,expansion,0.5,visual_projection
519,28586,LPLC1,LPLC1_R,R,vpn,acetylcholine,1.0,5,expansion,0.5,visual_projection
520,28723,LPLC1,LPLC1_R,R,vpn,acetylcholine,1.0,0,expansion,0.5,visual_projection
521,29529,LPLC1,LPLC1_R,R,vpn,acetylcholine,1.0,7,expansion,0.5,visual_projection
522,29937,LPLC1,LPLC1_R,R,vpn,acetylcholine,1.0,6,expansion,0.5,visual_projection
523,30814,LPLC1,LPLC1_R,R,vpn,acetylcholine,1.0,5,expansion,0.5,visual_projection
524,31132,LPLC1,LPLC1_R,R,vpn,acetylcholine,1.0,0,expansion,0.5,visual_projection
525,31592,LPLC1,LPLC1_R,R,vpn,acetylcholine,1.0,7,expansion,0.5,visual_projection
526,32343,LPLC1,LPLC1_R,R,vpn,acetylcholine,1.0,6,expansion,0.5,visual_projection
527,33897,LPLC1,LPLC1_R,R,vpn,acetylcholine,1.0,5,expansion,0.5,visual_projection
528,36377,LPLC1,LPLC1_R,R,vpn,acetylcholine,1.0,0,expansion,0.5,visual_projection
529,37441,LPLC1,LPLC1_R,R,vpn,acetylcholine,1.0,7,expansion,0.5,visual_projection
530,39151,LPLC1,LPLC1_R,R,vpn,acetylcholine,1.0,6,expansion,0.5,visual_projection
531,39206,LPLC1,LPLC1_R,R,vpn,acetylcholine,1.0,5,expansion,0.5,visual_projection
532,42517,LPLC1,LPLC1_R,R,vpn,acetylcholine,1.0,0,expansion,0.5,visual_projection
533,107939,LPLC1,LPLC1_R,R,vpn,acetylcholine,1.0,7,expansion,0.5,visual_projection
534,11498,LPLC2,LPLC2_L,L,vpn,acetylcholine,1.0,0,angular_size,1.0,visual_projection
535,12384,LPLC2,LPLC2_L,L,vpn,acetylcholine,1.0,1,angular_size,1.0,visual_projection
536,13132,LPLC2,LPLC2_L,L,vpn,acetylcholine,1.0,2,angular_size,1.0,visual_projection
537,13726,LPLC2,LPLC2_L,L,vpn,acetylcholine,1.0,3,angular_size,1.0,visual_projection
538,13764,LPLC2,LPLC2_L,L,vpn,acetylcholine,1.0,0,angular_size,1.0,visual_projection
539,14030,LPLC2,LPLC2_L,L,vpn,acetylcholine,1.0,1,angular_size,1.0,visual_projection
540,14102,LPLC2,LPLC2_L,L,vpn,acetylcholine,1.0,2,angular_size,1.0,visual_projection
541,15804,LPLC2,LPLC2_L,L,vpn,acetylcholine,1.0,3,angular_size,1.0,visual_projection
542,17059,LPLC2,LPLC2_L,L,vpn,acetylcholine,1.0,0,angular_size,1.0,visual_projection
543,17544,LPLC2,LPLC2_L,L,vpn,acetylcholine,1.0,1,angular_size,1.0,visual_projection
544,17774,LPLC2,LPLC2_L,L,vpn,acetylcholine,1.0,2,angular_size,1.0,visual_projection
545,17775,LPLC2,LPLC2_L,L,vpn,acetylcholine,1.0,3,angular_size,1.0,visual_projection
546,17880,LPLC2,LPLC2_L,L,vpn,acetylcholine,1.0,0,angular_size,1.0,visual_projection
547,17990,LPLC2,LPLC2_L,L,vpn,acetylcholine,1.0,1,angular_size,1.0,visual_projection
548,18900,LPLC2,LPLC2_L,L,vpn,acetylcholine,1.0,2,angular_size,1.0,visual_projection
549,18936,LPLC2,LPLC2_L,L,vpn,acetylcholine,1.0,3,angular_size,1.0,visual_projection
550,19787,LPLC2,LPLC2_L,L,vpn,acetylcholine,1.0,0,angular_size,1.0,visual_projection
551,19830,LPLC2,LPLC2_L,L,vpn,acetylcholine,1.0,1,angular_size,1.0,visual_projection
552,19911,LPLC2,LPLC2_L,L,vpn,acetylcholine,1.0,2,angular_size,1.0,visual_projection
553,20240,LPLC2,LPLC2_L,L,vpn,acetylcholine,1.0,3,angular_size,1.0,visual_projection
554,20329,LPLC2,LPLC2_L,L,vpn,acetylcholine,1.0,0,angular_size,1.0,visual_projection
555,20799,LPLC2,LPLC2_L,L,vpn,acetylcholine,1.0,1,angular_size,1.0,visual_projection
556,21299,LPLC2,LPLC2_L,L,vpn,acetylcholine,1.0,2,angular_size,1.0,visual_projection
557,21361,LPLC2,LPLC2_L,L,vpn,acetylcholine,1.0,3,angular_size,1.0,visual_projection
558,22253,LPLC2,LPLC2_L,L,vpn,acetylcholine,1.0,0,angular_size,1.0,visual_projection
559,22557,LPLC2,LPLC2_L,L,vpn,acetylcholine,1.0,1,angular_size,1.0,visual_projection
560,23247,LPLC2,LPLC2_L,L,vpn,acetylcholine,1.0,2,angular_size,1.0,visual_projection
561,23349,LPLC2,LPLC2_L,L,vpn,acetylcholine,1.0,3,angular_size,1.0,visual_projection
562,23550,LPLC2,LPLC2_L,L,vpn,acetylcholine,1.0,0,angular_size,1.0,visual_projection
563,23665,LPLC2,LPLC2_L,L,vpn,acetylcholine,1.0,1,angular_size,1.0,visual_projection
564,23919,LPLC2,LPLC2_L,L,vpn,acetylcholine,1.0,2,angular_size,1.0,visual_projection
565,24308,LPLC2,LPLC2_L,L,vpn,acetylcholine,1.0,3,angular_size,1.0,visual_projection
566,24568,LPLC2,LPLC2_L,L,vpn,acetylcholine,1.0,0,angular_size,1.0,visual_projection
567,24605,LPLC2,LPLC2_L,L,vpn,acetylcholine,1.0,1,angular_size,1.0,visual_projection
568,24840,LPLC2,LPLC2_L,L,vpn,acetylcholine,1.0,2,angular_size,1.0,visual_projection
569,25027,LPLC2,LPLC2_L,L,vpn,acetylcholine,1.0,3,angular_size,1.0,visual_projection
570,25136,LPLC2,LPLC2_L,L,vpn,acetylcholine,1.0,0,angular_size,1.0,visual_projection
571,25209,LPLC2,LPLC2_L,L,vpn,acetylcholine,1.0,1,angular_size,1.0,visual_projection
572,25286,LPLC2,LPLC2_L,L,vpn,acetylcholine,1.0,2,angular_size,1.0,visual_projection
573,25524,LPLC2,LPLC2_L,L,vpn,acetylcholine,1.0,3,angular_size,1.0,visual_projection
574,25572,LPLC2,LPLC2_L,L,vpn,acetylcholine,1.0,0,angular_size,1.0,visual_projection
575,25575,LPLC2,LPLC2_L,L,vpn,acetylcholine,1.0,1,angular_size,1.0,visual_projection
576,25854,LPLC2,LPLC2_L,L,vpn,acetylcholine,1.0,2,angular_size,1.0,visual_projection
577,26416,LPLC2,LPLC2_L,L,vpn,acetylcholine,1.0,3,angular_size,1.0,visual_projection
578,26528,LPLC2,LPLC2_L,L,vpn,acetylcholine,1.0,0,angular_size,1.0,visual_projection
579,27023,LPLC2,LPLC2_L,L,vpn,acetylcholine,1.0,1,angular_size,1.0,visual_projection
580,27355,LPLC2,LPLC2_L,L,vpn,acetylcholine,1.0,2,angular_size,1.0,visual_projection
581,27399,LPLC2,LPLC2_L,L,vpn,acetylcholine,1.0,3,angular_size,1.0,visual_projection
582,27716,LPLC2,LPLC2_L,L,vpn,acetylcholine,1.0,0,angular_size,1.0,visual_projection
583,27796,LPLC2,LPLC2_L,L,vpn,acetylcholine,1.0,1,angular_size,1.0,visual_projection
584,28011,LPLC2,LPLC2_L,L,vpn,acetylcholine,1.0,2,angular_size,1.0,visual_projection
585,28188,LPLC2,LPLC2_L,L,vpn,acetylcholine,1.0,3,angular_size,1.0,visual_projection
586,29319,LPLC2,LPLC2_L,L,vpn,acetylcholine,1.0,0,angular_size,1.0,visual_projection
587,29702,LPLC2,LPLC2_L,L,vpn,acetylcholine,1.0,1,angular_size,1.0,visual_projection
588,29753,LPLC2,LPLC2_L,L,vpn,acetylcholine,1.0,2,angular_size,1.0,visual_projection
589,29815,LPLC2,LPLC2_L,L,vpn,acetylcholine,1.0,3,angular_size,1.0,visual_projection
590,29955,LPLC2,LPLC2_L,L,vpn,acetylcholine,1.0,0,angular_size,1.0,visual_projection
591,30512,LPLC2,LPLC2_L,L,vpn,acetylcholine,1.0,1,angular_size,1.0,visual_projection
592,30893,LPLC2,LPLC2_L,L,vpn,acetylcholine,1.0,2,angular_size,1.0,visual_projection
593,30895,LPLC2,LPLC2_L,L,vpn,acetylcholine,1.0,3,angular_size,1.0,visual_projection
594,31105,LPLC2,LPLC2_L,L,vpn,acetylcholine,1.0,0,angular_size,1.0,visual_projection
595,31563,LPLC2,LPLC2_L,L,vpn,acetylcholine,1.0,1,angular_size,1.0,visual_projection
596,32223,LPLC2,LPLC2_L,L,vpn,acetylcholine,1.0,2,angular_size,1.0,visual_projection
597,32237,LPLC2,LPLC2_L,L,vpn,acetylcholine,1.0,3,angular_size,1.0,visual_projection
598,32737,LPLC2,LPLC2_L,L,vpn,acetylcholine,1.0,0,angular_size,1.0,visual_projection
599,33303,LPLC2,LPLC2_L,L,vpn,acetylcholine,1.0,1,angular_size,1.0,visual_projection
600,33406,LPLC2,LPLC2_L,L,vpn,acetylcholine,1.0,2,angular_size,1.0,visual_projection
601,33965,LPLC2,LPLC2_L,L,vpn,acetylcholine,1.0,3,angular_size,1.0,visual_projection
602,34051,LPLC2,LPLC2_L,L,vpn,acetylcholine,1.0,0,angular_size,1.0,visual_projection
603,34407,LPLC2,LPLC2_L,L,vpn,acetylcholine,1.0,1,angular_size,1.0,visual_projection
604,34655,LPLC2,LPLC2_L,L,vpn,acetylcholine,1.0,2,angular_size,1.0,visual_projection
605,35294,LPLC2,LPLC2_L,L,vpn,acetylcholine,1.0,3,angular_size,1.0,visual_projection
606,40811,LPLC2,LPLC2_L,L,vpn,acetylcholine,1.0,0,angular_size,1.0,visual_projection
607,40841,LPLC2,LPLC2_L,L,vpn,acetylcholine,1.0,1,angular_size,1.0,visual_projection
608,41097,LPLC2,LPLC2_L,L,vpn,acetylcholine,1.0,2,angular_size,1.0,visual_projection
609,95241,LPLC2,LPLC2_L,L,vpn,acetylcholine,1.0,3,angular_size,1.0,visual_projection
610,100103,LPLC2,LPLC2_L,L,vpn,acetylcholine,1.0,0,angular_size,1.0,visual_projection
611,111903,LPLC2,LPLC2_L,L,vpn,acetylcholine,1.0,1,angular_size,1.0,visual_projection
612,112292,LPLC2,LPLC2_L,L,vpn,acetylcholine,1.0,2,angular_size,1.0,visual_projection
613,129687,LPLC2,LPLC2_L,L,vpn,acetylcholine,1.0,3,angular_size,1.0,visual_projection
614,134521,LPLC2,LPLC2_L,L,vpn,acetylcholine,1.0,0,angular_size,1.0,visual_projection
615,514670,LPLC2,LPLC2_L,L,vpn,acetylcholine,1.0,1,angular_size,1.0,visual_projection
616,515971,LPLC2,LPLC2_L,L,vpn,acetylcholine,1.0,2,angular_size,1.0,visual_projection
617,517078,LPLC2,LPLC2_L,L,vpn,acetylcholine,1.0,3,angular_size,1.0,visual_projection
618,517079,LPLC2,LPLC2_L,L,vpn,acetylcholine,1.0,0,angular_size,1.0,visual_projection
619,517819,LPLC2,LPLC2_L,L,vpn,acetylcholine,1.0,1,angular_size,1.0,visual_projection
620,518731,LPLC2,LPLC2_L,L,vpn,acetylcholine,1.0,2,angular_size,1.0,visual_projection
621,520764,LPLC2,LPLC2_L,L,vpn,acetylcholine,1.0,3,angular_size,1.0,visual_projection
622,521115,LPLC2,LPLC2_L,L,vpn,acetylcholine,1.0,0,angular_size,1.0,visual_projection
623,524366,LPLC2,LPLC2_L,L,vpn,acetylcholine,1.0,1,angular_size,1.0,visual_projection
624,525844,LPLC2,LPLC2_L,L,vpn,acetylcholine,1.0,2,angular_size,1.0,visual_projection
625,531014,LPLC2,LPLC2_L,L,vpn,acetylcholine,1.0,3,angular_size,1.0,visual_projection
626,533895,LPLC2,LPLC2_L,L,vpn,acetylcholine,1.0,0,angular_size,1.0,visual_projection
627,536444,LPLC2,LPLC2_L,L,vpn,acetylcholine,1.0,1,angular_size,1.0,visual_projection
628,14465,LPLC2,LPLC2_R,R,vpn,acetylcholine,1.0,0,angular_size,1.0,visual_projection
629,17551,LPLC2,LPLC2_R,R,vpn,acetylcholine,1.0,7,angular_size,1.0,visual_projection
630,18672,LPLC2,LPLC2_R,R,vpn,acetylcholine,1.0,6,angular_size,1.0,visual_projection
631,18929,LPLC2,LPLC2_R,R,vpn,acetylcholine,1.0,5,angular_size,1.0,visual_projection
632,19034,LPLC2,LPLC2_R,R,vpn,acetylcholine,1.0,0,angular_size,1.0,visual_projection
633,19146,LPLC2,LPLC2_R,R,vpn,acetylcholine,1.0,7,angular_size,1.0,visual_projection
634,19229,LPLC2,LPLC2_R,R,vpn,acetylcholine,1.0,6,angular_size,1.0,visual_projection
635,19249,LPLC2,LPLC2_R,R,vpn,acetylcholine,1.0,5,angular_size,1.0,visual_projection
636,19549,LPLC2,LPLC2_R,R,vpn,acetylcholine,1.0,0,angular_size,1.0,visual_projection
637,19589,LPLC2,LPLC2_R,R,vpn,acetylcholine,1.0,7,angular_size,1.0,visual_projection
638,19608,LPLC2,LPLC2_R,R,vpn,acetylcholine,1.0,6,angular_size,1.0,visual_projection
639,19842,LPLC2,LPLC2_R,R,vpn,acetylcholine,1.0,5,angular_size,1.0,visual_projection
640,20047,LPLC2,LPLC2_R,R,vpn,acetylcholine,1.0,0,angular_size,1.0,visual_projection
641,20103,LPLC2,LPLC2_R,R,vpn,acetylcholine,1.0,7,angular_size,1.0,visual_projection
642,20162,LPLC2,LPLC2_R,R,vpn,acetylcholine,1.0,6,angular_size,1.0,visual_projection
643,20182,LPLC2,LPLC2_R,R,vpn,acetylcholine,1.0,5,angular_size,1.0,visual_projection
644,20269,LPLC2,LPLC2_R,R,vpn,acetylcholine,1.0,0,angular_size,1.0,visual_projection
645,20334,LPLC2,LPLC2_R,R,vpn,acetylcholine,1.0,7,angular_size,1.0,visual_projection
646,20471,LPLC2,LPLC2_R,R,vpn,acetylcholine,1.0,6,angular_size,1.0,visual_projection
647,20535,LPLC2,LPLC2_R,R,vpn,acetylcholine,1.0,5,angular_size,1.0,visual_projection
648,20584,LPLC2,LPLC2_R,R,vpn,acetylcholine,1.0,0,angular_size,1.0,visual_projection
649,20694,LPLC2,LPLC2_R,R,vpn,acetylcholine,1.0,7,angular_size,1.0,visual_projection
650,20749,LPLC2,LPLC2_R,R,vpn,acetylcholine,1.0,6,angular_size,1.0,visual_projection
651,21045,LPLC2,LPLC2_R,R,vpn,acetylcholine,1.0,5,angular_size,1.0,visual_projection
652,21318,LPLC2,LPLC2_R,R,vpn,acetylcholine,1.0,0,angular_size,1.0,visual_projection
653,21562,LPLC2,LPLC2_R,R,vpn,acetylcholine,1.0,7,angular_size,1.0,visual_projection
654,21703,LPLC2,LPLC2_R,R,vpn,acetylcholine,1.0,6,angular_size,1.0,visual_projection
655,21769,LPLC2,LPLC2_R,R,vpn,acetylcholine,1.0,5,angular_size,1.0,visual_projection
656,21808,LPLC2,LPLC2_R,R,vpn,acetylcholine,1.0,0,angular_size,1.0,visual_projection
657,21862,LPLC2,LPLC2_R,R,vpn,acetylcholine,1.0,7,angular_size,1.0,visual_projection
658,21899,LPLC2,LPLC2_R,R,vpn,acetylcholine,1.0,6,angular_size,1.0,visual_projection
659,22218,LPLC2,LPLC2_R,R,vpn,acetylcholine,1.0,5,angular_size,1.0,visual_projection
660,22261,LPLC2,LPLC2_R,R,vpn,acetylcholine,1.0,0,angular_size,1.0,visual_projection
661,22677,LPLC2,LPLC2_R,R,vpn,acetylcholine,1.0,7,angular_size,1.0,visual_projection
662,23497,LPLC2,LPLC2_R,R,vpn,acetylcholine,1.0,6,angular_size,1.0,visual_projection
663,23590,LPLC2,LPLC2_R,R,vpn,acetylcholine,1.0,5,angular_size,1.0,visual_projection
664,23878,LPLC2,LPLC2_R,R,vpn,acetylcholine,1.0,0,angular_size,1.0,visual_projection
665,24118,LPLC2,LPLC2_R,R,vpn,acetylcholine,1.0,7,angular_size,1.0,visual_projection
666,24187,LPLC2,LPLC2_R,R,vpn,acetylcholine,1.0,6,angular_size,1.0,visual_projection
667,24268,LPLC2,LPLC2_R,R,vpn,acetylcholine,1.0,5,angular_size,1.0,visual_projection
668,24401,LPLC2,LPLC2_R,R,vpn,acetylcholine,1.0,0,angular_size,1.0,visual_projection
669,24800,LPLC2,LPLC2_R,R,vpn,acetylcholine,1.0,7,angular_size,1.0,visual_projection
670,25253,LPLC2,LPLC2_R,R,vpn,acetylcholine,1.0,6,angular_size,1.0,visual_projection
671,25267,LPLC2,LPLC2_R,R,vpn,acetylcholine,1.0,5,angular_size,1.0,visual_projection
672,25316,LPLC2,LPLC2_R,R,vpn,acetylcholine,1.0,0,angular_size,1.0,visual_projection
673,25497,LPLC2,LPLC2_R,R,vpn,acetylcholine,1.0,7,angular_size,1.0,visual_projection
674,25511,LPLC2,LPLC2_R,R,vpn,acetylcholine,1.0,6,angular_size,1.0,visual_projection
675,25636,LPLC2,LPLC2_R,R,vpn,acetylcholine,1.0,5,angular_size,1.0,visual_projection
676,26147,LPLC2,LPLC2_R,R,vpn,acetylcholine,1.0,0,angular_size,1.0,visual_projection
677,26393,LPLC2,LPLC2_R,R,vpn,acetylcholine,1.0,7,angular_size,1.0,visual_projection
678,26730,LPLC2,LPLC2_R,R,vpn,acetylcholine,1.0,6,angular_size,1.0,visual_projection
679,26915,LPLC2,LPLC2_R,R,vpn,acetylcholine,1.0,5,angular_size,1.0,visual_projection
680,27471,LPLC2,LPLC2_R,R,vpn,acetylcholine,1.0,0,angular_size,1.0,visual_projection
681,27566,LPLC2,LPLC2_R,R,vpn,acetylcholine,1.0,7,angular_size,1.0,visual_projection
682,28003,LPLC2,LPLC2_R,R,vpn,acetylcholine,1.0,6,angular_size,1.0,visual_projection
683,28044,LPLC2,LPLC2_R,R,vpn,acetylcholine,1.0,5,angular_size,1.0,visual_projection
684,28741,LPLC2,LPLC2_R,R,vpn,acetylcholine,1.0,0,angular_size,1.0,visual_projection
685,28871,LPLC2,LPLC2_R,R,vpn,acetylcholine,1.0,7,angular_size,1.0,visual_projection
686,29014,LPLC2,LPLC2_R,R,vpn,acetylcholine,1.0,6,angular_size,1.0,visual_projection
687,29183,LPLC2,LPLC2_R,R,vpn,acetylcholine,1.0,5,angular_size,1.0,visual_projection
688,29216,LPLC2,LPLC2_R,R,vpn,acetylcholine,1.0,0,angular_size,1.0,visual_projection
689,29287,LPLC2,LPLC2_R,R,vpn,acetylcholine,1.0,7,angular_size,1.0,visual_projection
690,29391,LPLC2,LPLC2_R,R,vpn,acetylcholine,1.0,6,angular_size,1.0,visual_projection
691,29598,LPLC2,LPLC2_R,R,vpn,acetylcholine,1.0,5,angular_size,1.0,visual_projection
692,29873,LPLC2,LPLC2_R,R,vpn,acetylcholine,1.0,0,angular_size,1.0,visual_projection
693,29986,LPLC2,LPLC2_R,R,vpn,acetylcholine,1.0,7,angular_size,1.0,visual_projection
694,30041,LPLC2,LPLC2_R,R,vpn,acetylcholine,1.0,6,angular_size,1.0,visual_projection
695,30207,LPLC2,LPLC2_R,R,vpn,acetylcholine,1.0,5,angular_size,1.0,visual_projection
696,30938,LPLC2,LPLC2_R,R,vpn,acetylcholine,1.0,0,angular_size,1.0,visual_projection
697,31257,LPLC2,LPLC2_R,R,vpn,acetylcholine,1.0,7,angular_size,1.0,visual_projection
698,31964,LPLC2,LPLC2_R,R,vpn,acetylcholine,1.0,6,angular_size,1.0,visual_projection
699,31988,LPLC2,LPLC2_R,R,vpn,acetylcholine,1.0,5,angular_size,1.0,visual_projection
700,32507,LPLC2,LPLC2_R,R,vpn,acetylcholine,1.0,0,angular_size,1.0,visual_projection
701,33185,LPLC2,LPLC2_R,R,vpn,acetylcholine,1.0,7,angular_size,1.0,visual_projection
702,33396,LPLC2,LPLC2_R,R,vpn,acetylcholine,1.0,6,angular_size,1.0,visual_projection
703,33439,LPLC2,LPLC2_R,R,vpn,acetylcholine,1.0,5,angular_size,1.0,visual_projection
704,33694,LPLC2,LPLC2_R,R,vpn,acetylcholine,1.0,0,angular_size,1.0,visual_projection
705,34110,LPLC2,LPLC2_R,R,vpn,acetylcholine,1.0,7,angular_size,1.0,visual_projection
706,34372,LPLC2,LPLC2_R,R,vpn,acetylcholine,1.0,6,angular_size,1.0,visual_projection
707,34681,LPLC2,LPLC2_R,R,vpn,acetylcholine,1.0,5,angular_size,1.0,visual_projection
708,35632,LPLC2,LPLC2_R,R,vpn,acetylcholine,1.0,0,angular_size,1.0,visual_projection
709,35680,LPLC2,LPLC2_R,R,vpn,acetylcholine,1.0,7,angular_size,1.0,visual_projection
710,35838,LPLC2,LPLC2_R,R,vpn,acetylcholine,1.0,6,angular_size,1.0,visual_projection
711,35889,LPLC2,LPLC2_R,R,vpn,acetylcholine,1.0,5,angular_size,1.0,visual_projection
712,37431,LPLC2,LPLC2_R,R,vpn,acetylcholine,1.0,0,angular_size,1.0,visual_projection
713,37613,LPLC2,LPLC2_R,R,vpn,acetylcholine,1.0,7,angular_size,1.0,visual_projection
714,37925,LPLC2,LPLC2_R,R,vpn,acetylcholine,1.0,6,angular_size,1.0,visual_projection
715,38542,LPLC2,LPLC2_R,R,vpn,acetylcholine,1.0,5,angular_size,1.0,visual_projection
716,39620,LPLC2,LPLC2_R,R,vpn,acetylcholine,1.0,0,angular_size,1.0,visual_projection
717,50287,LPLC2,LPLC2_R,R,vpn,acetylcholine,1.0,7,angular_size,1.0,visual_projection
718,55627,LPLC2,LPLC2_R,R,vpn,acetylcholine,1.0,6,angular_size,1.0,visual_projection
719,10801,LPLC4,LPLC4_L,L,vpn,acetylcholine,1.0,0,expansion,0.5,visual_projection
720,12574,LPLC4,LPLC4_L,L,vpn,acetylcholine,1.0,1,expansion,0.5,visual_projection
721,13909,LPLC4,LPLC4_L,L,vpn,acetylcholine,1.0,2,expansion,0.5,visual_projection
722,14132,LPLC4,LPLC4_L,L,vpn,acetylcholine,1.0,3,expansion,0.5,visual_projection
723,14588,LPLC4,LPLC4_L,L,vpn,acetylcholine,1.0,0,expansion,0.5,visual_projection
724,15599,LPLC4,LPLC4_L,L,vpn,acetylcholine,1.0,1,expansion,0.5,visual_projection
725,15664,LPLC4,LPLC4_L,L,vpn,acetylcholine,1.0,2,expansion,0.5,visual_projection
726,15935,LPLC4,LPLC4_L,L,vpn,acetylcholine,1.0,3,expansion,0.5,visual_projection
727,15951,LPLC4,LPLC4_L,L,vpn,acetylcholine,1.0,0,expansion,0.5,visual_projection
728,16304,LPLC4,LPLC4_L,L,vpn,acetylcholine,1.0,1,expansion,0.5,visual_projection
729,17993,LPLC4,LPLC4_L,L,vpn,acetylcholine,1.0,2,expansion,0.5,visual_projection
730,18145,LPLC4,LPLC4_L,L,vpn,acetylcholine,1.0,3,expansion,0.5,visual_projection
731,18155,LPLC4,LPLC4_L,L,vpn,acetylcholine,1.0,0,expansion,0.5,visual_projection
732,18365,LPLC4,LPLC4_L,L,vpn,acetylcholine,1.0,1,expansion,0.5,visual_projection
733,18558,LPLC4,LPLC4_L,L,vpn,acetylcholine,1.0,2,expansion,0.5,visual_projection
734,18718,LPLC4,LPLC4_L,L,vpn,acetylcholine,1.0,3,expansion,0.5,visual_projection
735,18918,LPLC4,LPLC4_L,L,vpn,acetylcholine,1.0,0,expansion,0.5,visual_projection
736,18986,LPLC4,LPLC4_L,L,vpn,acetylcholine,1.0,1,expansion,0.5,visual_projection
737,19677,LPLC4,LPLC4_L,L,vpn,acetylcholine,1.0,2,expansion,0.5,visual_projection
738,20040,LPLC4,LPLC4_L,L,vpn,acetylcholine,1.0,3,expansion,0.5,visual_projection
739,20219,LPLC4,LPLC4_L,L,vpn,acetylcholine,1.0,0,expansion,0.5,visual_projection
740,20872,LPLC4,LPLC4_L,L,vpn,acetylcholine,1.0,1,expansion,0.5,visual_projection
741,20914,LPLC4,LPLC4_L,L,vpn,acetylcholine,1.0,2,expansion,0.5,visual_projection
742,21216,LPLC4,LPLC4_L,L,vpn,acetylcholine,1.0,3,expansion,0.5,visual_projection
743,21738,LPLC4,LPLC4_L,L,vpn,acetylcholine,1.0,0,expansion,0.5,visual_projection
744,22800,LPLC4,LPLC4_L,L,vpn,acetylcholine,1.0,1,expansion,0.5,visual_projection
745,22883,LPLC4,LPLC4_L,L,vpn,acetylcholine,1.0,2,expansion,0.5,visual_projection
746,22918,LPLC4,LPLC4_L,L,vpn,acetylcholine,1.0,3,expansion,0.5,visual_projection
747,23237,LPLC4,LPLC4_L,L,vpn,acetylcholine,1.0,0,expansion,0.5,visual_projection
748,23394,LPLC4,LPLC4_L,L,vpn,acetylcholine,1.0,1,expansion,0.5,visual_projection
749,24128,LPLC4,LPLC4_L,L,vpn,acetylcholine,1.0,2,expansion,0.5,visual_projection
750,24992,LPLC4,LPLC4_L,L,vpn,acetylcholine,1.0,3,expansion,0.5,visual_projection
751,28140,LPLC4,LPLC4_L,L,vpn,acetylcholine,1.0,0,expansion,0.5,visual_projection
752,30276,LPLC4,LPLC4_L,L,vpn,acetylcholine,1.0,1,expansion,0.5,visual_projection
753,30640,LPLC4,LPLC4_L,L,vpn,acetylcholine,1.0,2,expansion,0.5,visual_projection
754,52652,LPLC4,LPLC4_L,L,vpn,acetylcholine,1.0,3,expansion,0.5,visual_projection
755,91616,LPLC4,LPLC4_L,L,vpn,acetylcholine,1.0,0,expansion,0.5,visual_projection
756,92625,LPLC4,LPLC4_L,L,vpn,acetylcholine,1.0,1,expansion,0.5,visual_projection
757,96253,LPLC4,LPLC4_L,L,vpn,acetylcholine,1.0,2,expansion,0.5,visual_projection
758,141054,LPLC4,LPLC4_L,L,vpn,acetylcholine,1.0,3,expansion,0.5,visual_projection
759,515901,LPLC4,LPLC4_L,L,vpn,acetylcholine,1.0,0,expansion,0.5,visual_projection
760,518588,LPLC4,LPLC4_L,L,vpn,acetylcholine,1.0,1,expansion,0.5,visual_projection
761,519933,LPLC4,LPLC4_L,L,vpn,acetylcholine,1.0,2,expansion,0.5,visual_projection
762,522464,LPLC4,LPLC4_L,L,vpn,acetylcholine,1.0,3,expansion,0.5,visual_projection
763,524089,LPLC4,LPLC4_L,L,vpn,acetylcholine,1.0,0,expansion,0.5,visual_projection
764,531620,LPLC4,LPLC4_L,L,vpn,acetylcholine,1.0,1,expansion,0.5,visual_projection
765,535397,LPLC4,LPLC4_L,L,vpn,acetylcholine,1.0,2,expansion,0.5,visual_projection
766,556556,LPLC4,LPLC4_L,L,vpn,acetylcholine,1.0,3,expansion,0.5,visual_projection
767,16469,LPLC4,LPLC4_R,R,vpn,acetylcholine,1.0,0,expansion,0.5,visual_projection
768,17302,LPLC4,LPLC4_R,R,vpn,acetylcholine,1.0,7,expansion,0.5,visual_projection
769,17307,LPLC4,LPLC4_R,R,vpn,acetylcholine,1.0,6,expansion,0.5,visual_projection
770,17677,LPLC4,LPLC4_R,R,vpn,acetylcholine,1.0,5,expansion,0.5,visual_projection
771,17831,LPLC4,LPLC4_R,R,vpn,acetylcholine,1.0,0,expansion,0.5,visual_projection
772,18079,LPLC4,LPLC4_R,R,vpn,acetylcholine,1.0,7,expansion,0.5,visual_projection
773,18282,LPLC4,LPLC4_R,R,vpn,acetylcholine,1.0,6,expansion,0.5,visual_projection
774,18314,LPLC4,LPLC4_R,R,vpn,acetylcholine,1.0,5,expansion,0.5,visual_projection
775,18384,LPLC4,LPLC4_R,R,vpn,acetylcholine,1.0,0,expansion,0.5,visual_projection
776,18605,LPLC4,LPLC4_R,R,vpn,acetylcholine,1.0,7,expansion,0.5,visual_projection
777,18631,LPLC4,LPLC4_R,R,vpn,acetylcholine,1.0,6,expansion,0.5,visual_projection
778,18661,LPLC4,LPLC4_R,R,vpn,acetylcholine,1.0,5,expansion,0.5,visual_projection
779,18746,LPLC4,LPLC4_R,R,vpn,acetylcholine,1.0,0,expansion,0.5,visual_projection
780,18809,LPLC4,LPLC4_R,R,vpn,acetylcholine,1.0,7,expansion,0.5,visual_projection
781,18895,LPLC4,LPLC4_R,R,vpn,acetylcholine,1.0,6,expansion,0.5,visual_projection
782,18943,LPLC4,LPLC4_R,R,vpn,acetylcholine,1.0,5,expansion,0.5,visual_projection
783,18970,LPLC4,LPLC4_R,R,vpn,acetylcholine,1.0,0,expansion,0.5,visual_projection
784,19050,LPLC4,LPLC4_R,R,vpn,acetylcholine,1.0,7,expansion,0.5,visual_projection
785,19202,LPLC4,LPLC4_R,R,vpn,acetylcholine,1.0,6,expansion,0.5,visual_projection
786,19529,LPLC4,LPLC4_R,R,vpn,acetylcholine,1.0,5,expansion,0.5,visual_projection
787,19580,LPLC4,LPLC4_R,R,vpn,acetylcholine,1.0,0,expansion,0.5,visual_projection
788,19599,LPLC4,LPLC4_R,R,vpn,acetylcholine,1.0,7,expansion,0.5,visual_projection
789,20175,LPLC4,LPLC4_R,R,vpn,acetylcholine,1.0,6,expansion,0.5,visual_projection
790,20210,LPLC4,LPLC4_R,R,vpn,acetylcholine,1.0,5,expansion,0.5,visual_projection
791,20481,LPLC4,LPLC4_R,R,vpn,acetylcholine,1.0,0,expansion,0.5,visual_projection
792,20801,LPLC4,LPLC4_R,R,vpn,acetylcholine,1.0,7,expansion,0.5,visual_projection
793,21159,LPLC4,LPLC4_R,R,vpn,acetylcholine,1.0,6,expansion,0.5,visual_projection
794,21164,LPLC4,LPLC4_R,R,vpn,acetylcholine,1.0,5,expansion,0.5,visual_projection
795,21352,LPLC4,LPLC4_R,R,vpn,acetylcholine,1.0,0,expansion,0.5,visual_projection
796,21483,LPLC4,LPLC4_R,R,vpn,acetylcholine,1.0,7,expansion,0.5,visual_projection
797,22028,LPLC4,LPLC4_R,R,vpn,acetylcholine,1.0,6,expansion,0.5,visual_projection
798,23115,LPLC4,LPLC4_R,R,vpn,acetylcholine,1.0,5,expansion,0.5,visual_projection
799,23271,LPLC4,LPLC4_R,R,vpn,acetylcholine,1.0,0,expansion,0.5,visual_projection
800,23664,LPLC4,LPLC4_R,R,vpn,acetylcholine,1.0,7,expansion,0.5,visual_projection
801,25840,LPLC4,LPLC4_R,R,vpn,acetylcholine,1.0,6,expansion,0.5,visual_projection
802,26059,LPLC4,LPLC4_R,R,vpn,acetylcholine,1.0,5,expansion,0.5,visual_projection
803,26163,LPLC4,LPLC4_R,R,vpn,acetylcholine,1.0,0,expansion,0.5,visual_projection
804,26167,LPLC4,LPLC4_R,R,vpn,acetylcholine,1.0,7,expansion,0.5,visual_projection
805,27882,LPLC4,LPLC4_R,R,vpn,acetylcholine,1.0,6,expansion,0.5,visual_projection
806,28191,LPLC4,LPLC4_R,R,vpn,acetylcholine,1.0,5,expansion,0.5,visual_projection
807,28228,LPLC4,LPLC4_R,R,vpn,acetylcholine,1.0,0,expansion,0.5,visual_projection
808,29335,LPLC4,LPLC4_R,R,vpn,acetylcholine,1.0,7,expansion,0.5,visual_projection
809,29386,LPLC4,LPLC4_R,R,vpn,acetylcholine,1.0,6,expansion,0.5,visual_projection
810,32341,LPLC4,LPLC4_R,R,vpn,acetylcholine,1.0,5,expansion,0.5,visual_projection
811,32508,LPLC4,LPLC4_R,R,vpn,acetylcholine,1.0,0,expansion,0.5,visual_projection
812,33085,LPLC4,LPLC4_R,R,vpn,acetylcholine,1.0,7,expansion,0.5,visual_projection
813,33539,LPLC4,LPLC4_R,R,vpn,acetylcholine,1.0,6,expansion,0.5,visual_projection
814,35618,LPLC4,LPLC4_R,R,vpn,acetylcholine,1.0,5,expansion,0.5,visual_projection
815,41839,LPLC4,LPLC4_R,R,vpn,acetylcholine,1.0,0,expansion,0.5,visual_projection
